canonicalsmiles,smiles,inchikey,molecularweight
F[Co]F,F[Co]F,YCYBZKSMUPTWEE-UHFFFAOYSA-L,96.93
C(C(F)(F)F)(C(F)(F)F)(F)F,FC(F)(F)C(F)(F)C(F)(F)F,QYSGYZVSCZSLHT-UHFFFAOYSA-N,188.02
O,O,XLYOFNOQVPJJNP-ZSJDYOACSA-N,20.028
C(C(C(=O)[O-])[NH3+])N(N=O)O,[NH3+]C(CN(O)N=O)C(=O)[O-],MLFKVJCWGUZWNV-REOHCLBHSA-N,149.11
C(=O)([O-])P(=O)([O-])[O-].[Na+].[Na+].[Na+],O=C([O-])P(=O)([O-])[O-].[Na+].[Na+].[Na+],DFHAXXVZCFXGOQ-UHFFFAOYSA-K,191.95
CC1C(=O)OC(C(=O)O1)C,CC1OC(=O)C(C)OC1=O,JJTUDXZGHPGLLC-UHFFFAOYSA-N,144.12
CN1CCCC1C2=CN=CC=C2,CN1CCCC1c1cccnc1,SNICXCGAKADSCV-JTQLQIEISA-N,162.23
[Fe+3],[Fe+3],VTLYFUHAOXGGBS-UHFFFAOYSA-N,55.84
CC1=NC=C(N1CC[O-])[N+](=O)[O-].[Na+],Cc1ncc([N+](=O)[O-])n1CC[O-].[Na+],LKRWBLLGEAXPRY-UHFFFAOYSA-N,193.14
[H+].[O-]P(=O)([O-])[O-].[K+].[K+],O=P([O-])([O-])[O-].[H+].[K+].[K+],ZPWVASYFFYYZEW-UHFFFAOYSA-L,174.176
CC(=O)NC1=CC=C(C=C1)OC,COc1ccc(NC(C)=O)cc1,XVAIDCNLVLTVFM-VQEHIDDOSA-N,166.18
CC(=NO)C,CC(C)=NO,PXAJQJMDEXJWFB-UHFFFAOYSA-N,73.09
CC1(C2CCC1(C(C2)O)C)C,CC1(C)C2CCC1(C)C(O)C2,DTGKSKDOIYIVQL-HKJUDDBKSA-N,154.25
C1=CC=C(C(=C1)C(=O)O)N,Nc1ccccc1C(=O)O,RWZYAGGXGHYGMB-UHFFFAOYSA-N,137.14
CC1C(O1)P(=O)([O-])[O-].[Ca+2],CC1OC1P(=O)([O-])[O-].[Ca+2],YMZJBJPWTXJQMR-GVOALSEPSA-L,176.12
C1=CC(=C(C=C1O)CC(=O)O)O,O=C(O)Cc1cc(O)ccc1O,IGMNYECMUMZDDF-UHFFFAOYSA-N,168.15
[O-]P(=O)([O-])[O-].[Fe+3],O=P([O-])([O-])[O-].[Fe+3],WBJZTOZJJYAKHQ-UHFFFAOYSA-K,150.82
C(=S)(NN)NN,NNC(=S)NN,LJTFFORYSFGNCT-UHFFFAOYSA-N,106.15
[He].O=O,O=O.[He],GWUAFYNDGVNXRS-UHFFFAOYSA-N,36.001
C1=CC=C(C(=C1)C#N)C#N,N#Cc1ccccc1C#N,XQZYPMVTSDWCCE-UHFFFAOYSA-N,128.13
[Li+],[Li+],HBBGRARXTFLTSG-UHFFFAOYSA-N,7.0
C(C#N)C(=O)N,N#CCC(N)=O,DGJMPUGMZIKDRO-UHFFFAOYSA-N,84.08
C(CC(C(=O)[O-])N)C[NH+]=C(N)N,NC(N)=[NH+]CCCC(N)C(=O)[O-],ODKSFYDXXFIFQN-BYPYZUCNSA-N,174.2
C1CC(=O)N(C1)C(CP)P,O=C1CCCN1C(P)CP,LQIAZOCLNBBZQK-UHFFFAOYSA-N,177.12
[Mn+2],[Mn+2],WAEMQWOKJMHJLA-UHFFFAOYSA-N,54.938
COC(=O)C=CC(=O)O,COC(=O)C=CC(=O)O,NKHAVTQWNUWKEO-NSCUHMNNSA-N,130.1
OP(=O)([O-])[O-].[Na+].[Na+],O=P([O-])([O-])O.[Na+].[Na+],BNIILDVGGAEEIG-JCIGTKTHSA-L,142.959
C(C(C(=O)O)N)C(=O)O.[Zn],NC(CC(=O)O)C(=O)O.[Zn],LQZFQLVBZRVDLJ-DKWTVANSSA-N,198.5
COC1=C(C=CC(=C1)CC=C)O,C=CCc1ccc(O)c(OC)c1,RRAFCDWBNXTKKO-UHFFFAOYSA-N,164.2
C1=CC=C(C=C1)NN,NNc1ccccc1,HKOOXMFOFWEVGF-UHFFFAOYSA-N,108.14
[Al](Cl)(Cl)Cl,Cl[Al](Cl)Cl,VSCWAEJMTAWNJL-UHFFFAOYSA-K,133.34
[Ga],[Ga],GYHNNYVSQQEPJS-UHFFFAOYSA-N,69.723
[Cd+2],[Cd+2],WLZRMCYVCSSEQC-UHFFFAOYSA-N,112.41
[S],[S],NINIDFKCEFEMDL-UHFFFAOYSA-N,32.07
CC(=C)C(=O)OCCN(C)C.C=C,C=C.C=C(C)C(=O)OCCN(C)C,PNMYDOBPCBCQIA-UHFFFAOYSA-N,185.26
CC(=O)CCC(=O)O.[Ca],CC(=O)CCC(=O)O.[Ca],ZPJZMHXFDIHATJ-UHFFFAOYSA-N,156.19
[Sc],[Sc],SIXSYDAISGFNSX-UHFFFAOYSA-N,44.955
C[Se]CCC(C(=O)O)N,C[Se]CCC(N)C(=O)O,RJFAYQIBOAGBLC-BYPYZUCNSA-N,196.12
[Li],[Li],WHXSMMKQMYFTQS-UHFFFAOYSA-N,7.0
CC(=O)[O-].CC(=O)[O-].[Co+2],CC(=O)[O-].CC(=O)[O-].[Co+2],QAHREYKOYSIQPH-UHFFFAOYSA-L,177.02
C(C(C1C(=C(C(=O)O1)[O-])O)O)O,O=C1OC(C(O)CO)C(O)=C1[O-],CIWBSHSKHKDKBQ-JLAZNSOCSA-M,175.12
CC(CC1=C(C=CC(=C1)OC)OC)N,COc1ccc(OC)c(CC(C)N)c1,LATVFYDIBMDBSY-UHFFFAOYSA-N,195.26
[Cs],[Cs],TVFDJXOCXUVLDH-YPZZEJLDSA-N,130.905
C(CC(=O)[O-])CO.[Na+],O=C([O-])CCCO.[Na+],XYGBKMMCQDZQOZ-UHFFFAOYSA-M,126.09
S=S,S=S,MAHNFPMIPQKPPI-UHFFFAOYSA-N,64.129
C(=O)([O-])[O-].[Zn+2],O=C([O-])[O-].[Zn+2],FMRLDPWIRHBCCC-UHFFFAOYSA-L,125.4
CC(=O)OC1CCN2C1CCC(C2)N,CC(=O)OC1CCN2CC(N)CCC12,YYIUHLPAZILPSG-GUBZILKMSA-N,198.26
[Na+].[Br-],[Br-].[Na+],JHJLBTNAGRQEKS-UHFFFAOYSA-M,102.89
[C-]#N.[C-]#N.[Ca+2],[C-]#N.[C-]#N.[Ca+2],ZQULWKDLLXZZSP-UHFFFAOYSA-N,92.11
CC(=O)C1=C(C=C(C=C1)OC)O,COc1ccc(C(C)=O)c(O)c1,UILPJVPSNHJFIK-UHFFFAOYSA-N,166.17
[S-2],[S-2],UCKMPCXJQFINFW-UHFFFAOYSA-N,32.07
C1=CC=C(C=C1)CCCC(=O)O,O=C(O)CCCc1ccccc1,OBKXEAXTFZPCHS-UHFFFAOYSA-N,164.2
CC(=O)[O-].CC(=O)[O-].[Ni+2],CC(=O)[O-].CC(=O)[O-].[Ni+2],AIYYMMQIMJOTBM-UHFFFAOYSA-L,176.78
C1=CC(=CC(=C1)O)C(CC(=O)O)O,O=C(O)CC(O)c1cccc(O)c1,KHTAGVZHYUZYMF-UHFFFAOYSA-N,182.17
B(O)(O)O,OB(O)O,KGBXLFKZBHKPEV-UHFFFAOYSA-N,61.84
CC(C(=O)C1=CC2=C(C=C1)OCO2)N,CC(N)C(=O)c1ccc2c(c1)OCO2,XDEZOLVDJWWXRG-UHFFFAOYSA-N,193.2
Cl[Y](Cl)Cl,Cl[Y](Cl)Cl,PCMOZDDGXKIOLL-SGNQUONSSA-K,196.26
C1CCC(C(C1)N)N,NC1CCCCC1N,SSJXIUAHEKJCMH-UHFFFAOYSA-N,114.19
C1=CC=C2C(C=CC2=C1)O,OC1C=Cc2ccccc21,KWRSKZMCJVFUGU-UHFFFAOYSA-N,132.16
C(C#N)C#N,N#CCC#N,CUONGYYJJVDODC-UHFFFAOYSA-N,66.06
COC1=C(C=C(C=C1)C(=O)NN)OC,COc1ccc(C(=O)NN)cc1OC,LJMQIGMMUZLDOC-UHFFFAOYSA-N,196.2
[Li+].[Li+].C(C(C(=O)[O-])N)C(=O)[O-],NC(CC(=O)[O-])C(=O)[O-].[Li+].[Li+],SUEJICPFWLEIQM-JIZZDEOASA-L,145.0
[N+](=O)([O-])[O-].[K+],O=[N+]([O-])[O-].[K+],FGIUAXJPYTZDNR-UHFFFAOYSA-N,101.103
C(=O)(O)[O-],O=C([O-])O,BVKZGUZCCUSVTD-UHFFFAOYSA-M,61.017
C[Si]1(OCC(O1)CCl)C,C[Si]1(C)OCC(CCl)O1,RQKYYWBMXHYBAP-UHFFFAOYSA-N,166.68
CN(C)CCS.Cl,CN(C)CCS.Cl,NRVFDGZJTPCULU-UHFFFAOYSA-N,141.66
C[N+](C)(C)CCOP(=O)(O)O,C[N+](C)(C)CCOP(=O)(O)O,YHHSONZFOIEMCP-UHFFFAOYSA-O,184.15
CC(C)NCC(CNC(C)C)O,CC(C)NCC(O)CNC(C)C,KUKNLWUAKYIWDI-UHFFFAOYSA-N,174.28
CC1=C(C=CC=N1)OCC2CCCN2,Cc1ncccc1OCC1CCCN1,YRVIKLBSVVNSHF-JTQLQIEISA-N,192.26
[C],[C],OKTJSMMVPCPJKN-UHFFFAOYSA-N,12.011
CCC(=O)[O-].[Na+],CCC(=O)[O-].[Na+],JXKPEJDQGNYQSM-UHFFFAOYSA-M,96.06
CC(C(=O)[O-])O,CC(O)C(=O)[O-],JVTAAEKCZFNVCJ-UHFFFAOYSA-M,89.07
CC1C(C(C(C(O1)O)O)O)O,CC1OC(O)C(O)C(O)C1O,SHZGCJCMOBCMKK-DHVFOXMCSA-N,164.16
CCOC(=O)Cl,CCOC(=O)Cl,RIFGWPKJUGCATF-UHFFFAOYSA-N,108.52
C1=CC=C(C=C1)CCCC(=O)[O-],O=C([O-])CCCc1ccccc1,OBKXEAXTFZPCHS-UHFFFAOYSA-M,163.19
C(=O)=O.O=O,O=C=O.O=O,UBAZGMLMVVQSCD-UHFFFAOYSA-N,76.01
C[N+](C)(C)CCO,C[N+](C)(C)CCO,OEYIOHPDSNJKLS-GQALSZNTSA-N,113.23
C(=NN)(N)N,NN=C(N)N,HAMNKKUPIHEESI-UHFFFAOYSA-N,74.09
CN(CC(=O)O)C(=N)N.Cl,CN(CC(=O)O)C(=N)N.Cl,DGOAYHVIVJYHKU-UHFFFAOYSA-N,167.59
C(CC(=O)O)C(C(=O)O)O,O=C(O)CCC(O)C(=O)O,HWXBTNAVRSUOJR-GSVOUGTGSA-N,148.11
C1C(O1)C=O,O=CC1CO1,IWYRWIUNAVNFPE-UHFFFAOYSA-N,72.06
[NH4+],[NH4+],QGZKDVFQNNGYKY-UHFFFAOYSA-O,18.039
C1C2CC3CC1CC(C2)(C3)N.Cl,Cl.NC12CC3CC(CC(C3)C1)C2,WOLHOYHSEKDWQH-UHFFFAOYSA-N,187.71
C1CC1(C2=CC=C(C=C2)Cl)C(=O)O,O=C(O)C1(c2ccc(Cl)cc2)CC1,YAHLWSGIQJATGG-UHFFFAOYSA-N,196.63
CC(=O)[O-].[Zn],CC(=O)[O-].[Zn],DBJUEJCZPKMDPA-UHFFFAOYSA-M,124.4
C(CC(=O)O)C(C(=O)O)O,O=C(O)CCC(O)C(=O)O,HWXBTNAVRSUOJR-VKHMYHEASA-N,148.11
C(C(C(=O)O)O)C(=O)O,O=C(O)CC(O)C(=O)O,BJEPYKJPYRNKOW-REOHCLBHSA-N,134.09
C1=C(NC(=O)NC1=O)C(=O)O.O,O.O=C(O)c1cc(=O)[nH]c(=O)[nH]1,YXUZGLGRBBHYFZ-UHFFFAOYSA-N,174.11
CC(C(C(C)(C(C=O)O)O)O)O,CC(O)C(O)C(C)(O)C(O)C=O,AWWDAEYRNORHRF-DBRKOABJSA-N,178.18
C1=C(NN=C1)CCN,NCCc1ccn[nH]1,JXDFEQONERDKSS-UHFFFAOYSA-N,111.15
COC1=CC=CC=C1OC(CO)CO,COc1ccccc1OC(CO)CO,DTADPBLDQSWASV-UHFFFAOYSA-N,198.22
C(C(C(=O)O)N)C(=O)O,NC(CC(=O)O)C(=O)O,CKLJMWTZIZZHCS-REOHCLBHSA-N,133.1
CC1C(C=C(C(=O)O1)C2C(O2)C)O,CC1OC(=O)C(C2OC2C)=CC1O,RCAULRNMJFUWRP-HETMPLHPSA-N,184.19
C1=CC=C(C=C1)CCCC(=O)[O-].[Na+],O=C([O-])CCCc1ccccc1.[Na+],VPZRWNZGLKXFOE-UHFFFAOYSA-M,186.18
CC(=CCCC(=CCO)C)C,CC(C)=CCCC(C)=CCO,GLZPCOQZEFWAFX-JXMROGBWSA-N,154.25
CN1CCCC1=O,CN1CCCC1=O,SECXISVLQFMRJM-UHFFFAOYSA-N,99.13
C(C=CC(=O)O)C(=O)O,O=C(O)C=CCC(=O)O,XVOUMQNXTGKGMA-OWOJBTEDSA-N,130.1
CC(CCC(=O)O)CC(=O)O,CC(CCC(=O)O)CC(=O)O,SYEOWUNSTUDKGM-YFKPBYRVSA-N,160.17
N,N,QGZKDVFQNNGYKY-UHFFFAOYSA-N,17.031
C1=CC=C(C(=C1)C(=O)O)O,O=C(O)c1ccccc1O,YGSDEFSMJLZEOE-UHFFFAOYSA-N,138.12
C(C(C1C(=C(C(=O)O1)O)[O-])O)O.[Na+],O=C1OC(C(O)CO)C([O-])=C1O.[Na+],PPASLZSBLFJQEF-RXSVEWSESA-M,198.11
C1CCC(C(C1)N)O.Cl,Cl.NC1CCCCC1O,LKKCSUHCVGCGFA-IBTYICNHSA-N,151.63
C1=CC=C(C=C1)CC(=O)[O-].[Na+],O=C([O-])Cc1ccccc1.[Na+],HZOREEUASZHZBI-UHFFFAOYSA-M,158.13
[Tc],[Tc],GKLVYJBZJHMRIY-UHFFFAOYSA-N,96.906
C1=CN=CC=C1N,Nc1ccncc1,NUKYPUAOHBNCPY-UHFFFAOYSA-N,94.11
O.O.OP(=O)(O)[O-].[Na+],O.O.O=P([O-])(O)O.[Na+],VBJGJHBYWREJQD-UHFFFAOYSA-M,156.01
C1=CC=C(C=C1)C(=O)[O-].[NH4+],O=C([O-])c1ccccc1.[NH4+],VWSRWGFGAAKTQG-UHFFFAOYSA-N,139.15
CCC1(CC(=O)NC1=O)C,CCC1(C)CC(=O)NC1=O,HAPOVYFOVVWLRS-UHFFFAOYSA-N,141.17
CCCC(=O)CCC,CCCC(=O)CCC,HCFAJYNVAYBARA-UHFFFAOYSA-N,114.19
CCO,CCO,LFQSCWFLJHTTHZ-UHFFFAOYSA-N,46.07
[C-]#N.[Ag+],[Ag+].[C-]#N,LFAGQMCIGQNPJG-UHFFFAOYSA-N,133.886
C1CCC(=O)OCC1,O=C1CCCCCO1,PAPBSGBWRJIAAV-UHFFFAOYSA-N,114.14
C1=CC=C(C=C1)O,Oc1ccccc1,ISWSIDIOOBJBQZ-UHFFFAOYSA-N,94.11
CC(=O)[O-].CC(=O)[O-].[Zn+2],CC(=O)[O-].CC(=O)[O-].[Zn+2],DJWUNCQRNNEAKC-UHFFFAOYSA-L,183.5
CC(CC1=CC2=C(C=C1)OCO2)NC,CNC(C)Cc1ccc2c(c1)OCO2,SHXWCVYOXRDMCX-UHFFFAOYSA-N,193.24
CC(=O)CC(C(=O)O)NC,CNC(CC(C)=O)C(=O)O,PVFFUHAAOKXVTK-UHFFFAOYSA-N,145.16
O.O.O.[Al],O.O.O.[Al],MXRIRQGCELJRSN-UHFFFAOYSA-N,81.028
C(C[NH3+])CS(=O)(=O)[O-],[NH3+]CCCS(=O)(=O)[O-],SNKZJIOFVMKAOJ-UHFFFAOYSA-N,139.18
CC1CC(CC1C)(CC(=O)O)CN,CC1CC(CN)(CC(=O)O)CC1C,IUVMAUQEZFTTFB-YUMQZZPRSA-N,185.26
CN(C)N=NC1=C(NC=N1)C(=O)N,CN(C)N=Nc1nc[nH]c1C(N)=O,FDKXTQMXEQVLRF-UHFFFAOYSA-N,182.18
C1C=CC(=O)O1,O=C1C=CCO1,VIHAEDVKXSOUAT-UHFFFAOYSA-N,84.07
CCCC1=CC(=O)NC(=S)N1,CCCc1cc(=O)[nH]c(=S)[nH]1,KNAHARQHSZJURB-UHFFFAOYSA-N,170.23
C(CON=C(N)N)C(C(=O)O)N,NC(N)=NOCCC(N)C(=O)O,FSBIGDSBMBYOPN-VKHMYHEASA-N,176.17
CCCC(=O)[O-],CCCC(=O)[O-],FERIUCNNQQJTOY-UHFFFAOYSA-M,87.1
CC(C(=O)C)O,CC(=O)C(C)O,ROWKJAVDOGWPAT-UHFFFAOYSA-N,88.11
CC(C)(CC1=CC=CC=C1)[NH3+],CC(C)([NH3+])Cc1ccccc1,DHHVAGZRUROJKS-UHFFFAOYSA-O,150.24
CC(=CC(=O)O)CC(=O)O,CC(=CC(=O)O)CC(=O)O,WKRBKYFIJPGYQC-DUXPYHPUSA-N,144.12
CC(=O)[O-].[Zn+2],CC(=O)[O-].[Zn+2],NLASQNLQNIKRSR-UHFFFAOYSA-M,124.4
[Sn+4],[Sn+4],SYRHIZPPCHMRIT-UHFFFAOYSA-N,118.71
CN(CCCl)CCCl.Cl,CN(CCCl)CCCl.Cl,QZIQJVCYUQZDIR-UHFFFAOYSA-N,192.5
CC(CC1=CC=CC=C1O)C(=O)O,CC(Cc1ccccc1O)C(=O)O,HGNFDPZASRDVLL-UHFFFAOYSA-N,180.2
[NH4+].[NH4+].[O-][Cr](=O)(=O)[O-],O=[Cr](=O)([O-])[O-].[NH4+].[NH4+],MFFLHUNPSHBKRG-UHFFFAOYSA-P,152.07
CCNC(=O)OC,CCNC(=O)OC,AEARPZNULDFPNQ-UHFFFAOYSA-N,103.12
[O-][O-].[Ca+2],[Ca+2].[O-][O-],LHJQIRIGXXHNLA-UHFFFAOYSA-N,72.08
C[N+](C)(CCO)CF.[Cl-],C[N+](C)(CF)CCO.[Cl-],QJEHIIJVWXGJAB-ZZCPHWBCSA-M,156.62
C(Cl)(Cl)Cl,ClC(Cl)Cl,HEDRZPFGACZZDS-UHFFFAOYSA-N,119.37
CCC(C)C(=O)NCC(=O)O,CCC(C)C(=O)NCC(=O)O,HOACIBQKYRHBOW-UHFFFAOYSA-N,159.18
ClCl,ClCl,KZBUYRJDOAKODT-UHFFFAOYSA-N,70.9
C(CC(=O)O)C(C(=O)[O-])N,NC(CCC(=O)O)C(=O)[O-],WHUUTDBJXJRKMK-GSVOUGTGSA-M,146.12
C(C(=O)O)Cl,O=C(O)CCl,FOCAUTSVDIKZOP-UHFFFAOYSA-N,94.5
CCCCC(CO)O,CCCCC(O)CO,FHKSXSQHXQEMOK-UHFFFAOYSA-N,118.17
[Cl-].[Cl-].[Sr+2],[Cl-].[Cl-].[Sr+2],AHBGXTDRMVNFER-FCHARDOESA-L,159.81
CN(C)C(=N)N=C(N)N.Cl,CN(C)C(=N)N=C(N)N.Cl,OETHQSJEHLVLGH-UHFFFAOYSA-N,165.62
C(CCl)Cl,ClCCCl,WSLDOOZREJYCGB-UHFFFAOYSA-N,98.96
CC(=O)C(=O)O,CC(=O)C(=O)O,LCTONWCANYUPML-UHFFFAOYSA-N,88.06
[Cl-].[Cl-].[Sn+2],[Cl-].[Cl-].[Sn+2],AXZWODMDQAVCJE-UHFFFAOYSA-L,189.61
C(C(C(C(C(C=O)O)O)O)O)O.O,O.O=CC(O)C(O)C(O)C(O)CO,SPFMQWBKVUQXJV-BTVCFUMJSA-N,198.17
C(F)(F)(F)F,FC(F)(F)F,TXEYQDLBPFQVAA-UHFFFAOYSA-N,88.004
CCCCCCOCCO,CCCCCCOCCO,UPGSWASWQBLSKZ-UHFFFAOYSA-N,146.23
C(CN=C(N)NO)C(C(=O)O)N,NC(=NCCC(N)C(=O)O)NO,KOBHCUDVWOTEKO-VKHMYHEASA-N,176.17
C1CN=C2C3=CC=CC=C3SN2C1,c1ccc2c(c1)SN1CCCN=C21,GOODELVXTBGKNR-UHFFFAOYSA-N,190.27
O.O.O.O.Cl[Mn]Cl,Cl[Mn]Cl.O.O.O.O,CNFDGXZLMLFIJV-UHFFFAOYSA-L,197.9
[O-][Cr](=O)(=O)[O-].[Na+].[Na+],O=[Cr](=O)([O-])[O-].[Na+].[Na+],PXLIDIMHPNPGMH-PJWPDVOUSA-N,160.922
CCC(C)N1CCCC1=O,CCC(C)N1CCCC1=O,FAAHNQAYWKTLFD-UHFFFAOYSA-N,141.21
CC(C(CCCCCC(=O)[O-])[NH3+])[NH3+],CC([NH3+])C([NH3+])CCCCCC(=O)[O-],KCEGBPIYGIWCDH-JGVFFNPUSA-O,189.28
CC(C)OP(=O)(OC(C)C)F,CC(C)OP(=O)(F)OC(C)C,MUCZHBLJLSDCSD-UHFFFAOYSA-N,184.15
N12[Si]34N5[Si]16N3[Si]25N46,N12[Si]34N5[Si]16N3[Si]25N46,HQVNEWCFYHHQES-UHFFFAOYSA-N,140.28
C(C1C(C(C(C(O1)O)F)O)O)O,OCC1OC(O)C(F)C(O)C1O,ZCXUVYAZINUVJD-AHXZWLDOSA-N,181.15
C(CC(=O)O)C(C(=O)O)NC(=O)N,NC(=O)NC(CCC(=O)O)C(=O)O,LCQLHJZYVOQKHU-VKHMYHEASA-N,190.15
C1CC1NC2=NC(=NC(=N2)N)N,Nc1nc(N)nc(NC2CC2)n1,LVQDKIWDGQRHTE-UHFFFAOYSA-N,166.18
OCl,OCl,QWPPOHNGKGFGJK-UHFFFAOYSA-N,52.46
Cl[Cu]Cl,Cl[Cu]Cl,ORTQZVOHEJQUHG-UHFFFAOYSA-L,134.45
[Li+].C1=CSC(=C1)C(=O)[O-],O=C([O-])c1cccs1.[Li+],SQEHCNOBYLQFTG-UHFFFAOYSA-M,134.1
O=O,O=O,MYMOFIZGZYHOMD-UHFFFAOYSA-N,31.999
CN(C#N)N=O,CN(C#N)N=O,DHOYZNRIPLSCPT-UHFFFAOYSA-N,85.07
C(CC(C(=O)O)N)C(CN)O,NCC(O)CCC(N)C(=O)O,YSMODUONRAFBET-UHNVWZDZSA-N,162.19
[Cl-].[Cl-].[Zn+2],[Cl-].[Cl-].[Zn+2],JIAARYAFYJHUJI-UHFFFAOYSA-L,136.3
CP(=O)(O)O,CP(=O)(O)O,YACKEPLHDIMKIO-UHFFFAOYSA-N,96.022
CC(CC1=CC=CS1)NC,CNC(C)Cc1cccs1,HPHUWHKFQXTZPS-UHFFFAOYSA-N,155.26
CC1N=C(NC(=N1)N(C)C)N,CC1N=C(N)NC(N(C)C)=N1,GFICWFZTBXUVIG-UHFFFAOYSA-N,155.2
C1=CC(=C(C=C1N)[O-])C(=O)O,Nc1ccc(C(=O)O)c([O-])c1,WUBBRNOQWQTFEX-UHFFFAOYSA-M,152.13
C1=CC2=C(C(=C1)N)C(=NNC2=O)[O-].[Na+],Nc1cccc2c(=O)[nH]nc([O-])c12.[Na+],GBOXDRMCEVPUSV-UHFFFAOYSA-M,199.14
C1CCC2=NC3=CC=CC=C3C(=C2C1)N,Nc1c2c(nc3ccccc13)CCCC2,YLJREFDVOIBQDA-UHFFFAOYSA-N,198.26
C1=NC2=C(N1)C(=S)N=C(N2)N,Nc1nc(=S)c2[nH]cnc2[nH]1,WYWHKKSPHMUBEB-UHFFFAOYSA-N,167.19
C1=C(NC=N1)CCN.Cl.Cl,Cl.Cl.NCCc1cnc[nH]1,PPZMYIBUHIPZOS-UHFFFAOYSA-N,184.06
[O-]P(=O)([O-])[O-].[Cr+3],O=P([O-])([O-])[O-].[Cr+3],IKZBVTPSNGOVRJ-ZYUMTRPDSA-K,147.968
COC1=CC=CC(=C1)N,COc1cccc(N)c1,NCBZRJODKRCREW-UHFFFAOYSA-N,123.15
C1=CC(=CC=C1CO)OC(F)F,OCc1ccc(OC(F)F)cc1,HSIDWXYUJAUALR-UHFFFAOYSA-N,174.14
CC1=C(C(=NN1)Cl)[N+](=O)[O-],Cc1[nH]nc(Cl)c1[N+](=O)[O-],ZCHRCALASPNJEQ-UHFFFAOYSA-N,161.55
CC1=CN=CC(=N1)C,Cc1cncc(C)n1,HJFZAYHYIWGLNL-UHFFFAOYSA-N,108.14
C1C=C2C(=CC(=O)O2)C(O1)O,O=C1C=C2C(=CCOC2O)O1,ZRWPUFFVAOMMNM-UHFFFAOYSA-N,154.12
CCCC(=O)NCC(=O)O,CCCC(=O)NCC(=O)O,WPSSBBPLVMTKRN-UHFFFAOYSA-N,145.16
C1=CC=C2C=C(C=CC2=C1)O,Oc1ccc2ccccc2c1,JWAZRIHNYRIHIV-UHFFFAOYSA-N,144.17
CC=CC=CC(=O)[O-].[K+],CC=CC=CC(=O)[O-].[K+],CHHHXKFHOYLYRE-STWYSWDKSA-M,150.22
CC(C)(CO)C(=O)C(=O)O,CC(C)(CO)C(=O)C(=O)O,PKVVTUWHANFMQC-UHFFFAOYSA-N,146.14
C(C(C(=O)O)N)[Se],NC(C[Se])C(=O)O,FDKWRPBBCBCIGA-REOHCLBHSA-N,167.06
C(CC(=O)O)C(=O)CN,NCC(=O)CCC(=O)O,ZGXJTSGNIOSYLO-UHFFFAOYSA-N,131.13
CC(C(C1=CC=CC=C1)O)N.Cl,CC(N)C(O)c1ccccc1.Cl,DYWNLSQWJMTVGJ-PRCZDLBKSA-N,187.66
C[N+](C)(C)[O-],C[N+](C)(C)[O-],UYPYRKYUKCHHIB-UHFFFAOYSA-N,75.11
F.[F-].[Na+],F.[F-].[Na+],BFXAWOHHDUIALU-UHFFFAOYSA-M,61.994
B(C1=CC=C(C=C1)C#N)(O)O,N#Cc1ccc(B(O)O)cc1,CEBAHYWORUOILU-UHFFFAOYSA-N,146.94
[Zr],[Zr],QCWXUUIWCKQGHC-YPZZEJLDSA-N,88.908
[O-][O+]=O,O=[O+][O-],CBENFWSGALASAD-UHFFFAOYSA-N,47.998
O,O,XLYOFNOQVPJJNP-UHFFFAOYSA-N,18.015
C1=C(C(=O)C1=O)O,O=c1cc(O)c1=O,KGPQKNJSZNXOPV-UHFFFAOYSA-N,98.06
C1=CC=C(C=C1)C(C#N)O,N#CC(O)c1ccccc1,NNICRUQPODTGRU-QMMMGPOBSA-N,133.15
CCCCCCCC,CCCCCCCC,TVMXDCGIABBOFY-UHFFFAOYSA-N,114.23
CC(C(=O)O)O.[Fe],CC(O)C(=O)O.[Fe],UUGUGLBRYMQUHN-UHFFFAOYSA-N,145.92
CCC(C(=O)N)N1CCCC1=O,CCC(C(N)=O)N1CCCC1=O,HPHUVLMMVZITSG-LURJTMIESA-N,170.21
C1=CC=C2C(=C1)C=CC=C2O,Oc1cccc2ccccc12,KJCVRFUGPWSIIH-UHFFFAOYSA-N,144.17
C1=CC=C2C(=C1)C(=CN2)CC(=O)O,O=C(O)Cc1c[nH]c2ccccc12,SEOVTRFCIGRIMH-UHFFFAOYSA-N,175.18
[B-]1(OCCO1)(O)O,O[B-]1(O)OCCO1,YWSQRQQIDBMBML-UHFFFAOYSA-N,104.88
C(CC(=O)O)CN=C(N)N,NC(N)=NCCCC(=O)O,TUHVEAJXIMEOSA-UHFFFAOYSA-N,145.16
CC1=CC=CC=C1,Cc1ccccc1,YXFVVABEGXRONW-UHFFFAOYSA-N,92.14
CC1=CC(=CC=C1)C(=O)C(C)NC,CNC(C)C(=O)c1cccc(C)c1,QDNXSIYWHYGMCD-UHFFFAOYSA-N,177.24
CC(CC(=O)O)O,CC(O)CC(=O)O,WHBMMWSBFZVSSR-GSVOUGTGSA-N,104.1
[F-].[Rb+],[F-].[Rb+],AHLATJUETSFVIM-UHFFFAOYSA-M,104.466
C(=[N-])=[N-].[Ca+2],[Ca+2].[N-]=C=[N-],MYFXBBAEXORJNB-UHFFFAOYSA-N,80.1
[Gd],[Gd],UIWYJDYFSGRHKR-UHFFFAOYSA-N,157.2
Cl[Sr]Cl,Cl[Sr]Cl,AHBGXTDRMVNFER-UHFFFAOYSA-L,158.52
C1=CC2=C(C(=C1)N)C(=O)NNC2=O,Nc1cccc2c(=O)[nH][nH]c(=O)c12,HWYHZTIRURJOHG-UHFFFAOYSA-N,177.16
CC(=O)OC(C(=C)Cl)OC(=O)C,C=C(Cl)C(OC(C)=O)OC(C)=O,PPHOKWJFQIHKNR-UHFFFAOYSA-N,192.6
CSCCC(C(=O)O)N,CSCCC(N)C(=O)O,FFEARJCKVFRZRR-JJZBXVGDSA-N,148.21
CCC(C=CCl)(C#C)O,C#CC(O)(C=CCl)CC,ZEHYJZXQEQOSON-AATRIKPKSA-N,144.6
S=[Se]=S,S=[Se]=S,JNMWHTHYDQTDQZ-UHFFFAOYSA-N,143.1
OO,OO,MHAJPDPJQMAIIY-UHFFFAOYSA-N,34.015
[N]=O,[N]=O,MWUXSHHQAYIFBG-UHFFFAOYSA-N,30.006
C(C(C(=O)[O-])O)C(=O)[O-].[Mg+2],O=C([O-])CC(O)C(=O)[O-].[Mg+2],JFQQIWNDAXACSR-UHFFFAOYSA-L,156.38
CNCCC1=CC=CC=N1.Cl,CNCCc1ccccn1.Cl,PIIWYFURBFSHKM-UHFFFAOYSA-N,172.65
CCCCNC(C)(C)[P+](=O)O,CCCCNC(C)(C)[P+](=O)O,YHLWPOLSPCBOPC-UHFFFAOYSA-O,178.19
C(=CC(=O)O)C(=O)O,O=C(O)C=CC(=O)O,VZCYOOQTPOCHFL-UPHRSURJSA-N,116.07
P(Cl)(Cl)Cl,ClP(Cl)Cl,FAIAAWCVCHQXDN-UHFFFAOYSA-N,137.33
C(C(C(C(C(CO)O)O)O)O)O,OCC(O)C(O)C(O)C(O)CO,FBPFZTCFMRRESA-JGWLITMVSA-N,182.17
C(=O)([O-])[O-].[Mn+2],O=C([O-])[O-].[Mn+2],XMWCXZJXESXBBY-UHFFFAOYSA-L,114.947
CC(C)CCO,CC(C)CCO,PHTQWCKDNZKARW-UHFFFAOYSA-N,88.15
CC(CC1=CC2=C(C=C1)OCO2)NO,CC(Cc1ccc2c(c1)OCO2)NO,FNDCTJYFKOQGTL-UHFFFAOYSA-N,195.21
C([N+](=O)[O-])(Cl)(Cl)Cl,O=[N+]([O-])C(Cl)(Cl)Cl,LFHISGNCFUNFFM-UHFFFAOYSA-N,164.37
C(C(F)(F)F)(OC(F)F)F,FC(F)OC(F)C(F)(F)F,DPYMFVXJLLWWEU-UHFFFAOYSA-N,168.04
CC1=CNC2=CC=CC=C12,Cc1c[nH]c2ccccc12,ZFRKQXVRDFCRJG-UHFFFAOYSA-N,131.17
CC1=C(C=C(C=C1)N=C=O)N=C=O,Cc1ccc(N=C=O)cc1N=C=O,DVKJHBMWWAPEIU-UHFFFAOYSA-N,174.16
CC(CC1=CC=CC=C1)NCCC#N,CC(Cc1ccccc1)NCCC#N,IQUFSXIQAFPIMR-UHFFFAOYSA-N,188.27
CC(C(C1=CC=CC=C1)O)N.Cl,CC(N)C(O)c1ccccc1.Cl,DYWNLSQWJMTVGJ-JXLXBRSFSA-N,187.66
C1CN=C(N1)CC2=CC=CC=C2,c1ccc(CC2=NCCN2)cc1,JIVZKJJQOZQXQB-UHFFFAOYSA-N,160.22
C(#N)N.[Ca],N#CN.[Ca],LHQWDZSUXOBDOJ-UHFFFAOYSA-N,82.12
CC(=NN=C(N)N)C=NN=C(N)N,CC(C=NN=C(N)N)=NN=C(N)N,MXWHMTNPTTVWDM-NXOFHUPFSA-N,184.2
C(CN)CS(=O)(=O)O,NCCCS(=O)(=O)O,SNKZJIOFVMKAOJ-UHFFFAOYSA-N,139.18
CC(=O)OC1CN2CCC1CC2,CC(=O)OC1CN2CCC1CC2,WRJPSSPFHGNBMG-UHFFFAOYSA-N,169.22
NS(=O)(=O)O,NS(=O)(=O)O,IIACRCGMVDHOTQ-UHFFFAOYSA-N,97.1
C(C(=O)[O-])N.C(C(=O)[O-])N.[Mg+2],NCC(=O)[O-].NCC(=O)[O-].[Mg+2],AACACXATQSKRQG-UHFFFAOYSA-L,172.42
C(C(C1C(C(C(O1)O)O)O)O)O,OCC(O)C1OC(O)C(O)C1O,AVVWPBAENSWJCB-RXRWUWDJSA-N,180.16
C(C(C(C(C(=O)CO)O)O)O)O,O=C(CO)C(O)C(O)C(O)CO,BJHIKXHVCXFQLS-OTWZMJIISA-N,180.16
C(=O)(C(=O)[O-])[O-].[Fe+2],O=C([O-])C(=O)[O-].[Fe+2],OWZIYWAUNZMLRT-UHFFFAOYSA-L,143.86
C1OC2=C(O1)C=C(C=C2)C=O,O=Cc1ccc2c(c1)OCO2,SATCULPHIDQDRE-UHFFFAOYSA-N,150.13
[SH-].[K+].[K+],[K+].[K+].[SH-],FANSKVBLGRZAQA-UHFFFAOYSA-M,111.27
C(C(=O)O)N=C(N)N,NC(N)=NCC(=O)O,BPMFZUMJYQTVII-UHFFFAOYSA-N,117.11
COC1C(C(C(C(C1O)O)O)O)O,COC1C(O)C(O)C(O)C(O)C1O,DSCFFEYYQKSRSV-FEPQRWDDSA-N,194.18
CC(CC1=CC=CC=C1)N,CC(N)Cc1ccccc1,KWTSXDURSIMDCE-QMMMGPOBSA-N,135.21
C(CCO)CO,OCCCCO,WERYXYBDKMZEQL-UHFFFAOYSA-N,90.12
C(C(C(=O)O)N)O,NC(CO)C(=O)O,MTCFGRXMJLQNBG-UWTATZPHSA-N,105.09
CCCCC(CC)(CO)CO,CCCCC(CC)(CO)CO,DSKYSDCYIODJPC-UHFFFAOYSA-N,160.25
C(C=O)C(C(C(CO)O)O)O,O=CCC(O)C(O)C(O)CO,VRYALKFFQXWPIH-PBXRRBTRSA-N,164.16
CC1(C2CCC1(C(C2)O)C)C,CC1(C)C2CCC1(C)C(O)C2,DTGKSKDOIYIVQL-NRPADANISA-N,154.25
C1C(C(C(C(N1)CO)O)O)O.Cl,Cl.OCC1NCC(O)C(O)C1O,ZJIHMALTJRDNQI-VFQQELCFSA-N,199.63
C1C(C(C(C(O1)(CO)O)O)O)O,OCC1(O)OCC(O)C(O)C1O,LKDRXBCSQODPBY-JDJSBBGDSA-N,180.16
CC(CO)O,CC(O)CO,DNIAPMSPPWPWGF-GSVOUGTGSA-N,76.09
C1=CC=C(C=C1)CC(=O)NC(=O)N,NC(=O)NC(=O)Cc1ccccc1,XPFRXWCVYUEORT-UHFFFAOYSA-N,178.19
CN=C=O,CN=C=O,HAMGRBXTJNITHG-UHFFFAOYSA-N,57.05
CC(C)C1=C(C(=CC=C1)C(C)C)O,CC(C)c1cccc(C(C)C)c1O,OLBCVFGFOZPWHH-UHFFFAOYSA-N,178.27
C1=C(ONC1=O)CN,NCc1cc(=O)[nH]o1,ZJQHPWUVQPJPQT-UHFFFAOYSA-N,114.1
C(C(C(CO)O)O)O,OCC(O)C(O)CO,UNXHWFMMPAWVPI-QWWZWVQMSA-N,122.12
C1=C(C=NC=C1F)C(=O)O,O=C(O)c1cncc(F)c1,BXZSBDDOYIWMGC-UHFFFAOYSA-N,141.1
C(CC(=O)O)CO,O=C(O)CCCO,SJZRECIVHVDYJC-UHFFFAOYSA-N,104.1
COC(=O)CCC(=O)CN.Cl,COC(=O)CCC(=O)CN.Cl,UJYSYPVQHFNBML-UHFFFAOYSA-N,181.62
CCN(CC)C(=O)C1=CC=CC(=C1)C,CCN(CC)C(=O)c1cccc(C)c1,MMOXZBCLCQITDF-UHFFFAOYSA-N,191.27
C(C(C(=O)[O-])O)(C(=O)O)O.[K+],O=C([O-])C(O)C(O)C(=O)O.[K+],KYKNRZGSIGMXFH-UHFFFAOYSA-M,188.18
CC1=NC=C(C(=C1O)CO)CO,Cc1ncc(CO)c(CO)c1O,LXNHXLLTXMVWPM-UHFFFAOYSA-N,169.18
CCC(C)C(=O)C(=O)O,CCC(C)C(=O)C(=O)O,JVQYSWDUAOAHFM-BYPYZUCNSA-N,130.139
[O-2].[Cu+2],[Cu+2].[O-2],KKCXRELNMOYFLS-UHFFFAOYSA-N,79.55
CN1C=C(N=C1)CC(C(=O)O)N,Cn1cnc(CC(N)C(=O)O)c1,BRMWTNUJHUMWMS-LURJTMIESA-N,169.18
CC12CC3CC(C1)(CC(C3)(C2)N)C,CC12CC3CC(C)(C1)CC(N)(C3)C2,BUGYDGFZZOZRHP-UHFFFAOYSA-N,179.3
C(C(=O)[O-])C(=O)[O-].[Sr+2],O=C([O-])CC(=O)[O-].[Sr+2],LVZZABGEQTZXHP-UHFFFAOYSA-L,189.67
CC1=CC(=C(C(=C1Cl)C)Cl)O,Cc1cc(O)c(Cl)c(C)c1Cl,IYOLBFFHPZOQGW-UHFFFAOYSA-N,191.05
[OH-].[O-]S(=O)(=O)[O-].[Mg+2].[Al+3],O=S(=O)([O-])[O-].[Al+3].[Mg+2].[OH-],JIFPTBLGXRKRAO-UHFFFAOYSA-K,164.36
[CH2-]C(C(=O)O)N,[CH2-]C(N)C(=O)O,RBZUPETUJOEOGI-REOHCLBHSA-N,88.09
C=CC(CCC(=O)O)N,C=CC(N)CCC(=O)O,PJDFLNIOAUIZSL-UHFFFAOYSA-N,129.16
CC=O,CC=O,IKHGUXGNUITLKF-UHFFFAOYSA-N,44.05
CC(C)CCOC(=O)C(=C)C#N,C=C(C#N)C(=O)OCCC(C)C,GASDVTHQNCFANM-UHFFFAOYSA-N,167.2
C1=C(NC=N1)CCN.Cl,Cl.NCCc1cnc[nH]1,IVCJGQQPPHYHBS-UHFFFAOYSA-N,147.6
C(CO)C#N,N#CCCO,WSGYTJNNHPZFKR-UHFFFAOYSA-N,71.08
C[N+](C)(C)CC(=O)[O-],C[N+](C)(C)CC(=O)[O-],KWIUHFFTVRNATP-UHFFFAOYSA-N,117.15
B12OC(=O)CC(CC(=O)O1)(C(=O)O2)O,O=C1CC2(O)CC(=O)OB(O1)OC2=O,ZZNXTYCNZKDUFC-UHFFFAOYSA-N,199.91
CN(CCOP(=O)(O)O)C(=N)N,CN(CCOP(=O)(O)O)C(=N)N,FOIPWTMKYXWFGC-UHFFFAOYSA-N,197.13
C=CCl,C=CCl,BZHJMEDXRYGGRV-UHFFFAOYSA-N,62.5
C1(=NC(=O)NC(=O)N1)C(=O)O,O=C(O)c1nc(=O)[nH]c(=O)[nH]1,RYYCJUAHISIHTL-UHFFFAOYSA-N,157.08
CC1=C(C(=CC=C1)C)NC(=O)C(C)N,Cc1cccc(C)c1NC(=O)C(C)N,BUJAGSGYPOAWEI-UHFFFAOYSA-N,192.26
C1=CC=C(C=C1)CO,OCc1ccccc1,WVDDGKGOMKODPV-UHFFFAOYSA-N,108.14
CCNCC,CCNCC,HPNMFZURTQLUMO-UHFFFAOYSA-N,73.14
CCOCCOCCO,CCOCCOCCO,XXJWXESWEXIICW-UHFFFAOYSA-N,134.17
CC(C)CC(=O)NCC(=O)O,CC(C)CC(=O)NCC(=O)O,ZRQXMKMBBMNNQC-UHFFFAOYSA-N,159.18
CC(C)(C)C(=O)O,CC(C)(C)C(=O)O,IUGYQRQAERSCNH-UHFFFAOYSA-N,102.13
C=CCOC(=O)CC1=CC=CC=C1,C=CCOC(=O)Cc1ccccc1,ZCDYAMJXVAUTIM-UHFFFAOYSA-N,176.21
[F-].[F-].[Mg+2],[F-].[F-].[Mg+2],ORUIBWPALBXDOA-UHFFFAOYSA-L,62.302
C(CC(=O)NCCO)CO,O=C(CCCO)NCCO,MFHPPMMWHSHDSI-UHFFFAOYSA-N,147.17
[O-][As]=O.[Na+],O=[As][O-].[Na+],PTLRDCMBXHILCL-UHFFFAOYSA-M,129.91
C1=CC(=CC=C1CC(=O)C(=O)O)O,O=C(O)C(=O)Cc1ccc(O)cc1,KKADPXVIOXHVKN-UHFFFAOYSA-N,180.16
CCCCC(=O)O,CCCCC(=O)O,NQPDZGIKBAWPEJ-UHFFFAOYSA-N,102.13
C[N+](C)(C)CCO.[Cl-],C[N+](C)(C)CCO.[Cl-],SGMZJAMFUVOLNK-UHFFFAOYSA-M,139.62
C(=O)(C(=O)[O-])[O-].O.[Ca+2],O.O=C([O-])C(=O)[O-].[Ca+2],LQHWSGSWNOHVHO-UHFFFAOYSA-L,146.11
C(C(C(=O)O)NC(=O)N)C(=O)O,NC(=O)NC(CC(=O)O)C(=O)O,HLKXYZVTANABHZ-REOHCLBHSA-N,176.13
[W],[W],WFKWXMTUELFFGS-UHFFFAOYSA-N,183.84
[OH-].[K+],[K+].[OH-],KWYUFKZDYYNOTN-UHFFFAOYSA-M,56.106
CC1OC2(CN3CCC2CC3)CS1,CC1OC2(CS1)CN1CCC2CC1,WUTYZMFRCNBCHQ-PSASIEDQSA-N,199.32
CC(=O)[O-].[Na+],CC(=O)[O-].[Na+],VMHLLURERBWHNL-WOPVPFJQSA-M,81.035
[OH-].[O-2].[Fe+3],[Fe+3].[O-2].[OH-],IEECXTSVVFWGSE-UHFFFAOYSA-M,88.85
CC1C2=CC(=C(C=C2CCN1C)O)O,CC1c2cc(O)c(O)cc2CCN1C,RKMGOUZXGHZLBJ-ZETCQYMHSA-N,193.24
CN(C)C,CN(C)C,GETQZCLCWQTVFV-UHFFFAOYSA-N,59.11
CN1C(=O)C=C(S1)Cl,Cn1sc(Cl)cc1=O,DHNRXBZYEKSXIM-UHFFFAOYSA-N,149.6
O=[Al]O[Al]=O.O=[Si]=O,O=[Al]O[Al]=O.O=[Si]=O,HNPSIPDUKPIQMN-UHFFFAOYSA-N,162.05
CC1=CC(=CC=C1)O,Cc1cccc(O)c1,RLSSMJSEOOYNOY-UHFFFAOYSA-N,108.14
[O-]S(=O)(=O)[O-].[K+].[K+],O=S(=O)([O-])[O-].[K+].[K+],OTYBMLCTZGSZBG-UHFFFAOYSA-L,174.26
C1=CC(=CC=C1O)Cl,Oc1ccc(Cl)cc1,WXNZTHHGJRFXKQ-UHFFFAOYSA-N,128.55
CC(CC1=CC=CC=C1OC)NC,CNC(C)Cc1ccccc1OC,OEHAYUOVELTAPG-UHFFFAOYSA-N,179.26
C1=CC2=C(C=C1[N+](=O)[O-])NC=N2,O=[N+]([O-])c1ccc2nc[nH]c2c1,XPAZGLFMMUODDK-UHFFFAOYSA-N,163.13
[Ti],[Ti],RTAQQCXQSZGOHL-UHFFFAOYSA-N,47.867
CC(CC1=CC2=C(CCC2)C=C1)N,CC(N)Cc1ccc2c(c1)CCC2,QYVNZHBQYJRLEX-UHFFFAOYSA-N,175.27
CCCCO,CCCCO,LRHPLDYGYMQRHN-UHFFFAOYSA-N,74.12
CC1=C2C(=CC=C1)SC3=NN=CN23,Cc1cccc2sc3nncn3c12,DQJCHOQLCLEDLL-UHFFFAOYSA-N,189.24
CCC(=O)C,CCC(C)=O,ZWEHNKRNPOVVGH-UHFFFAOYSA-N,72.11
[S-2].[Cu+].[Cu+],[Cu+].[Cu+].[S-2],AQMRBJNRFUQADD-UHFFFAOYSA-N,159.16
CN1C(=O)CC(C1=O)C2=CC=CC=C2,CN1C(=O)CC(c2ccccc2)C1=O,WLWFNJKHKGIJNW-UHFFFAOYSA-N,189.21
[Li+].[Li+].[O-]S(=O)(=O)[O-],O=S(=O)([O-])[O-].[Li+].[Li+],INHCSSUBVCNVSK-UHFFFAOYSA-L,110.0
C1CCS(=O)(=O)C1,O=S1(=O)CCCC1,HXJUTPCZVOIRIF-UHFFFAOYSA-N,120.17
Cl[Sn]Cl,Cl[Sn]Cl,AXZWODMDQAVCJE-UHFFFAOYSA-L,189.61
C(C1C(C(C(O1)O)O)O)O,OCC1OC(O)C(O)C1O,HMFHBZSHGGEWLO-TXICZTDVSA-N,150.13
CC(CC1=CNC2=CC=CC=C21)N,CC(N)Cc1c[nH]c2ccccc12,QSQQQURBVYWZKJ-UHFFFAOYSA-N,174.24
C(CN)N.C(CN)N.[Cu+2],NCCN.NCCN.[Cu+2],ATSGLBOJGVTHHC-UHFFFAOYSA-N,183.74
CCCC1=NC=CC(=C1)C(=S)N,CCCc1cc(C(N)=S)ccn1,VRDIULHPQTYCLN-UHFFFAOYSA-N,180.27
CC1=CC(=C(C=C1OC)CCN)OC,COc1cc(CCN)c(OC)cc1C,UNQQFDCVEMVQHM-UHFFFAOYSA-N,195.26
CCC(C)C(CC)C(=O)N,CCC(C)C(CC)C(N)=O,QRCJOCOSPZMDJY-UHFFFAOYSA-N,143.23
CN(C)CC(=O)O,CN(C)CC(=O)O,FFDGPVCHZBVARC-UHFFFAOYSA-N,103.12
C1C(C(=O)NO1)N,NC1CONC1=O,DYDCUQKUCUHJBH-UWTATZPHSA-N,102.09
OP(=O)([O-])[O-].[Ca+2],O=P([O-])([O-])O.[Ca+2],FUFJGUQYACFECW-UHFFFAOYSA-L,136.06
CCCC(=O)OCC,CCCC(=O)OCC,OBNCKNCVKJNDBV-UHFFFAOYSA-N,116.16
CCC(C(=O)O)O,CCC(O)C(=O)O,AFENDNXGAFYKQO-VKHMYHEASA-N,104.1
COCCOCCO,COCCOCCO,SBASXUCJHJRPEV-UHFFFAOYSA-N,120.15
C(C(=O)O)F,O=C(O)CF,QEWYKACRFQMRMB-UHFFFAOYSA-N,78.04
C1(C(=O)NC(=O)N1)NC(=O)N,NC(=O)NC1NC(=O)NC1=O,POJWUDADGALRAB-UHFFFAOYSA-N,158.12
CC(C)C(=O)C(=O)O,CC(C)C(=O)C(=O)O,QHKABHOOEWYVLI-UHFFFAOYSA-N,116.11
C(=O)(O)[O-].[NH4+],O=C([O-])O.[NH4+],ATRRKUHOCOJYRX-UHFFFAOYSA-N,79.056
CN,CN,BAVYZALUXZFZLV-UHFFFAOYSA-N,31.057
C(CCNCCCN)CN,NCCCCNCCCN,ATHGHQPFGPMSJY-UHFFFAOYSA-N,145.25
CC(C1=CC(=CC=C1)O)N(C)C,CC(c1cccc(O)c1)N(C)C,GQZXRLWUYONVCP-QMMMGPOBSA-N,165.23
CC1=CC(=O)N(N1C)C2=CC=CC=C2,Cc1cc(=O)n(-c2ccccc2)n1C,VEQOALNAAJBPNY-UHFFFAOYSA-N,188.23
CC(=CC(=O)CCN(C)C)C.Cl,CC(C)=CC(=O)CCN(C)C.Cl,PCZNQBGBYMIXKL-UHFFFAOYSA-N,191.7
C#C,C#C,HSFWRNGVRCDJHI-UHFFFAOYSA-N,26.04
CSC(=N)N,CSC(=N)N,SDDKIZNHOCEXTF-UHFFFAOYSA-N,90.15
CC(C)NC(=O)C=C,C=CC(=O)NC(C)C,QNILTEGFHQSKFF-UHFFFAOYSA-N,113.16
CCCCCON=O,CCCCCON=O,CSDTZUBPSYWZDX-UHFFFAOYSA-N,117.15
CC(C(C1=CC(=CC=C1)O)O)NC,CNC(C)C(O)c1cccc(O)c1,KEEFJRKWMCQJLN-CGGDJVLNSA-N,180.23
COC1=CC=CC2=NC(=O)CCC=C21,COc1cccc2c1=CCCC(=O)N=2,DRMBRISDJOVCJR-UHFFFAOYSA-N,189.21
[Li+].[B-](F)(F)(F)F,F[B-](F)(F)F.[Li+],UFXJWFBILHTTET-UHFFFAOYSA-N,93.8
OS(=O)(=O)[O-],O=S(=O)([O-])O,QAOWNCQODCNURD-UHFFFAOYSA-M,97.07
C1CN1CCNCCN,NCCNCCN1CC1,XJNAQZHMIAKQOK-UHFFFAOYSA-N,129.199
CC(C1=CC=CC=C1)NN,CC(NN)c1ccccc1,HHRZAEJMHSGZNP-UHFFFAOYSA-N,136.19
C1=CNC2=C1C(=CC(=C2)F)F,Fc1cc(F)c2cc[nH]c2c1,MHICCULQVCEWFH-UHFFFAOYSA-N,153.13
CC(=O)NCC(=O)O,CC(=O)NCC(=O)O,OKJIRPAQVSHGFK-UHFFFAOYSA-N,117.1
C.C=O.C1=CC=CC=C1.O,C.C=O.O.c1ccccc1,HNMMNXBFRJPJDM-UHFFFAOYSA-N,142.2
C(=O)(C(=O)O)O,O=C(O)C(=O)O,MUBZPKHOEPUJKR-UHFFFAOYSA-N,90.03
CC1=CC(=CC=C1)S,Cc1cccc(S)c1,WRXOZRLZDJAYDR-UHFFFAOYSA-N,124.21
C1C(C(C(C(N1)CO)O)O)O,OCC1NCC(O)C(O)C1O,LXBIFEVIBLOUGU-DPYQTVNSSA-N,163.17
CN1C(CCC1=O)C2=CN=CC=C2,CN1C(=O)CCC1c1cccnc1,UIKROCXWUNQSPJ-VIFPVBQESA-N,176.21
[As+3],[As+3],LULLIKNODDLMDQ-UHFFFAOYSA-N,74.921
CC(CC1=CC=CC=C1)NC.Cl,CNC(C)Cc1ccccc1.Cl,TWXDDNPPQUTEOV-FVGYRXGTSA-N,185.69
CCC(C)C(C(=O)O)NC(=O)CN,CCC(C)C(NC(=O)CN)C(=O)O,KGVHCTWYMPWEGN-UHFFFAOYSA-N,188.22
C1CC2C(C(C1O2)C(=O)O)C(=O)O,O=C(O)C1C2CCC(O2)C1C(=O)O,GXEKYRXVRROBEV-UHFFFAOYSA-N,186.16
CCOC(=O)C(C)O,CCOC(=O)C(C)O,LZCLXQDLBQLTDK-UHFFFAOYSA-N,118.13
CCN(CC)C(=O)C1=CN=CC=C1,CCN(CC)C(=O)c1cccnc1,NCYVXEGFNDZQCU-UHFFFAOYSA-N,178.23
C=CCN.C1C(O1)CCl,C=CCN.ClCC1CO1,ZNSIZMQNQCNRBW-UHFFFAOYSA-N,149.62
CN(C)C1=CC=CC=C1,CN(C)c1ccccc1,JLTDJTHDQAWBAV-UHFFFAOYSA-N,121.18
COCC1(C(=O)C2CCN1CC2)CO,COCC1(CO)C(=O)C2CCN1CC2,BGBNULCRKBVAKL-UHFFFAOYSA-N,199.25
C1=CNC(=S)NC1=O,O=c1cc[nH]c(=S)[nH]1,ZEMGGZBWXRYJHK-UHFFFAOYSA-N,128.15
C(=O)O,O=CO,BDAGIHXWWSANSR-UHFFFAOYSA-N,46.025
C(=O)([O-])[O-].[Ba+2],O=C([O-])[O-].[Ba+2],AYJRCSIUFZENHW-UHFFFAOYSA-L,197.34
C(C(C(=O)[O-])O)(C(=O)O)O.[K+],O=C([O-])C(O)C(O)C(=O)O.[K+],KYKNRZGSIGMXFH-ZVGUSBNCSA-M,188.18
C(=O)(N)N=NC(=O)N,NC(=O)N=NC(N)=O,XOZUGNYVDXMRKW-AATRIKPKSA-N,116.08
C(CCO)CCO,OCCCCCO,ALQSHHUCVQOPAS-UHFFFAOYSA-N,104.15
CCC1=NC=CC(=C1)C(=S)N,CCc1cc(C(N)=S)ccn1,AEOCXXJPGCBFJA-UHFFFAOYSA-N,166.25
OS(=O)[O-].[Na+],O=S([O-])O.[Na+],DWAQJAXMDSEUJJ-UHFFFAOYSA-M,104.06
CC(C(C1=CC=CC=C1)O)N,CC(N)C(O)c1ccccc1,DLNKOYKMWOXYQA-UHFFFAOYSA-N,151.21
CC(=O)O.[Co],CC(=O)O.[Co],SVMCDCBHSKARBQ-UHFFFAOYSA-N,118.99
CC(CCOCCC(C)O)O,CC(O)CCOCCC(C)O,AFSYRVDDZGJTIL-UHFFFAOYSA-N,162.23
[F-].[F-].[Ca+2],[Ca+2].[F-].[F-],WUKWITHWXAAZEY-UHFFFAOYSA-L,78.07
O(F)F,FOF,UJMWVICAENGCRF-UHFFFAOYSA-N,53.996
[C-]#N.[K+],[C-]#N.[K+],NNFCIKHAZHQZJG-UHFFFAOYSA-N,65.116
S=[Se],S=[Se],VIDTVPHHDGRGAF-UHFFFAOYSA-N,111.04
C1=CC=C(C=C1)[O-].[Na+],[Na+].[O-]c1ccccc1,NESLWCLHZZISNB-UHFFFAOYSA-M,116.09
[O-]S(=O)(=O)[O-].[Fe+2],O=S(=O)([O-])[O-].[Fe+2],BAUYGSIQEAFULO-UHFFFAOYSA-L,151.91
CC(CN)C(=O)O,CC(CN)C(=O)O,QCHPKSFMDHPSNR-UHFFFAOYSA-N,103.12
I,I,XMBWDFGMSWQBCA-UHFFFAOYSA-N,127.912
[PH].[PH],[PH].[PH],LQVLODIHTYWKFB-DDBDWIKTSA-N,64.964
C1=CC(=C(C=C1N=C=O)Cl)Cl,O=C=Nc1ccc(Cl)c(Cl)c1,MFUVCHZWGSJKEQ-UHFFFAOYSA-N,188.01
C1CCC(CC1)O,OC1CCCCC1,HPXRVTGHNJAIIH-UHFFFAOYSA-N,100.16
C(=O)(O)O,O=C(O)O,BVKZGUZCCUSVTD-UHFFFAOYSA-N,62.025
CC(=O)NC(CS)C(=O)[O-].[Na+],CC(=O)NC(CS)C(=O)[O-].[Na+],KVXPBDQWIXGZEL-WCCKRBBISA-M,185.18
CC(CO)O,CC(O)CO,DNIAPMSPPWPWGF-UHFFFAOYSA-N,76.09
B1(C2=C(CO1)C=C(C=C2)F)O,OB1OCc2cc(F)ccc21,LFQDNHWZDQTITF-UHFFFAOYSA-N,151.93
C(CC(=O)O)CO.[Na+],O=C(O)CCCO.[Na+],XYGBKMMCQDZQOZ-UHFFFAOYSA-N,127.09
C(=O)(C(=O)O)O.O.O,O.O.O=C(O)C(=O)O,GEVPUGOOGXGPIO-UHFFFAOYSA-N,126.07
C(C(=O)O)NCP(=O)(O)O,O=C(O)CNCP(=O)(O)O,XDDAORKBJWWYJS-UHFFFAOYSA-N,169.07
CCCCCC,CCCCCC,VLKZOEOYAKHREP-UHFFFAOYSA-N,86.18
C1C[NH2+]CC(=C1)C(=O)[O-],O=C([O-])C1=CCC[NH2+]C1,QTDZOWFRBNTPQR-UHFFFAOYSA-N,127.14
CCCCCCCC(=O)[O-].[Na+],CCCCCCCC(=O)[O-].[Na+],BYKRNSHANADUFY-UHFFFAOYSA-M,166.19
[C-]#N.[C-]#N.[K+].[Ag+],[Ag+].[C-]#N.[C-]#N.[K+],HKSGQTYSSZOJOA-UHFFFAOYSA-N,199.0
O=[Al-]=O.[Na+],O=[Al-]=O.[Na+],IYJYQHRNMMNLRH-UHFFFAOYSA-N,81.97
C(C(CCl)O)Cl,OC(CCl)CCl,DEWLEGDTCGBNGU-UHFFFAOYSA-N,128.979
C1=CC(=C(C=C1C=O)O)O,O=Cc1ccc(O)c(O)c1,IBGBGRVKPALMCQ-UHFFFAOYSA-N,138.12
C1CCCC(=O)CC1,O=C1CCCCCC1,CGZZMOTZOONQIA-UHFFFAOYSA-N,112.17
C=CC#N,C=CC#N,NLHHRLWOUZZQLW-UHFFFAOYSA-N,53.06
[Li+].C(C(C(=O)[O-])N)C(=O)O,NC(CC(=O)O)C(=O)[O-].[Li+],NFNOWBZQMRFQDG-DKWTVANSSA-M,139.1
[O-]Cl,[O-]Cl,WQYVRQLZKVEZGA-UHFFFAOYSA-N,51.45
CCC(C)(C(=O)O)O,CCC(C)(O)C(=O)O,MBIQENSCDNJOIY-UHFFFAOYSA-N,118.13
O=[Co],O=[Co],IVMYJDGYRUAWML-UHFFFAOYSA-N,74.933
C1CCN(CC1)C(=N)N,N=C(N)N1CCCCC1,QUUYRYYUKNNNNS-UHFFFAOYSA-N,127.19
CON.Cl,CON.Cl,XNXVOSBNFZWHBV-UHFFFAOYSA-N,83.52
CC(C)N1C(=O)NC(=O)N1C(C)C,CC(C)n1c(=O)[nH]c(=O)n1C(C)C,FUPIHZLHPHQVJZ-UHFFFAOYSA-N,185.22
C1C(C1N)C2=CC=CC=C2,NC1CC1c1ccccc1,AELCINSCMGFISI-YGPZHTELSA-N,133.19
C[N+]1=CC=CC=C1C=NO,C[n+]1ccccc1C=NO,JBKPUQTUERUYQE-UHFFFAOYSA-O,137.16
C(C(Cl)Cl)(Cl)Cl,ClC(Cl)C(Cl)Cl,QPFMBZIOSGYJDE-UHFFFAOYSA-N,167.8
[O-2].[Na+].[Na+],[Na+].[Na+].[O-2],KKCBUQHMOMHUOY-UHFFFAOYSA-N,61.979
C1C2CC3(CC1CC(C2)(C3)N)CCF,NC12CC3CC(C1)CC(CCF)(C3)C2,HUYVZSFADWYSHD-UHFFFAOYSA-N,197.29
CC(C1=CC=CC=C1)C(=O)O,CC(C(=O)O)c1ccccc1,YPGCWEMNNLXISK-UHFFFAOYSA-N,150.17
C(CC(=O)N)C(C(=O)O)N,NC(=O)CCC(N)C(=O)O,ZDXPYRJPNDTMRX-VKHMYHEASA-N,146.14
C(CCN)CC(C(=O)O)N.Cl,Cl.NCCCCC(N)C(=O)O,BVHLGVCQOALMSV-JEDNCBNOSA-N,182.65
[Cl-].[Cs+],[Cl-].[Cs+],AIYUHDOJVYHVIT-UHFFFAOYSA-M,168.36
[Mg],[Mg],FYYHWMGAXLPEAU-UHFFFAOYSA-N,24.305
CC1=NC=C(C(=C1O)CN)CO,Cc1ncc(CO)c(CN)c1O,NHZMQXZHNVQTQA-UHFFFAOYSA-N,168.19
[Ge],[Ge],GNPVGFCGXDBREM-UHFFFAOYSA-N,72.63
CC1=CC(=C(C=C1)C(C)C)O,Cc1ccc(C(C)C)c(O)c1,MGSRCZKZVOBKFT-UHFFFAOYSA-N,150.22
[O-]S(=O)(=O)[O-].[Ca+2],O=S(=O)([O-])[O-].[Ca+2],OSGAYBCDTDRGGQ-UHFFFAOYSA-L,136.14
N(=O)[O-].[Rb+],O=N[O-].[Rb+],VPMVPQJJBGXJAI-UHFFFAOYSA-M,131.473
C[N+]1=CC=CC(=C1)C(=O)N.[Cl-],C[n+]1cccc(C(N)=O)c1.[Cl-],BWVDQVQUNNBTLK-UHFFFAOYSA-N,172.61
C1COCCN1CC#N,N#CCN1CCOCC1,OOSOCAXREAGIGA-UHFFFAOYSA-N,126.16
CN(C)N=NC1=C(NC=N1)C(=O)N,CN(C)N=Nc1nc[nH]c1C(N)=O,FDKXTQMXEQVLRF-ZHACJKMWSA-N,182.18
CC(CCC=C(C)C)NC,CNC(C)CCC=C(C)C,XVQUOJBERHHONY-UHFFFAOYSA-N,141.25
CN1C2=C(NC1=O)NC(=O)N(C2=O)C,Cn1c(=O)[nH]c2[nH]c(=O)n(C)c2c1=O,NOFNCLGCUJJPKU-UHFFFAOYSA-N,196.16
COC1=C(C=C(C=C1)CC=C)OC,C=CCc1ccc(OC)c(OC)c1,ZYEMGPIYFIJGTP-UHFFFAOYSA-N,178.23
[Ag+],[Ag+],FOIXSVOLVBLSDH-UHFFFAOYSA-N,107.868
[Na+].[I-],[I-].[Na+],FVAUCKIRQBBSSJ-LAIFMVDKSA-M,153.895
CC1C(OCCN1C)C2=CC=CC=C2,CC1C(c2ccccc2)OCCN1C,MFOCDFTXLCYLKU-CMPLNLGQSA-N,191.27
P12P3P1P23,p12p3p1p23,OBSZRRSYVTXPNB-UHFFFAOYSA-N,123.895
C(CC(C(F)F)(C(=O)O)N)CN,NCCCC(N)(C(=O)O)C(F)F,VLCYCQAOQCDTCN-UHFFFAOYSA-N,182.17
[Al],[Al],XAGFODPZIPBFFR-UHFFFAOYSA-N,26.981
C1=CC=C(C=C1)C(=O)C2=CC=CC=C2,O=C(c1ccccc1)c1ccccc1,RWCCWEUUXYIKHB-UHFFFAOYSA-N,182.22
C=CN1CCCC1=O,C=CN1CCCC1=O,WHNWPMSKXPGLAX-UHFFFAOYSA-N,111.14
CN1C2CCC1C(C(C2)O)C(=O)OC,COC(=O)C1C(O)CC2CCC1N2C,QIQNNBXHAYSQRY-ABIFROTESA-N,199.25
CC1C(O1)P(=O)([O-])[O-].O.[Ca+2],CC1OC1P(=O)([O-])[O-].O.[Ca+2],MSHCINMVQZDXTG-JSTPYPERSA-L,194.14
C1=CC=C2C(=C1)C=CC(=O)C2=O,O=C1C=Cc2ccccc2C1=O,KETQAJRQOHHATG-UHFFFAOYSA-N,158.15
C(=N)(N)N.Cl,Cl.N=C(N)N,PJJJBBJSCAKJQF-UHFFFAOYSA-N,95.53
CC(=O)[O-].CC(=O)[O-].O.[Ca+2],CC(=O)[O-].CC(=O)[O-].O.[Ca+2],XQKKWWCELHKGKB-UHFFFAOYSA-L,176.18
C1=CC=C2C(=C1)N=C(S2)N,Nc1nc2ccccc2s1,UHGULLIUJBCTEF-UHFFFAOYSA-N,150.2
C(C(C1C(=C(C(=O)O1)O)O)O)O,O=C1OC(C(O)CO)C(O)=C1O,CIWBSHSKHKDKBQ-JLAZNSOCSA-N,176.12
[Fe+2],[Fe+2],CWYNVVGOOAEACU-UHFFFAOYSA-N,55.84
N(=O)O,O=NO,IOVCWXUNBOPUCH-UHFFFAOYSA-N,47.014
CC(CC(=O)O)O,CC(O)CC(=O)O,WHBMMWSBFZVSSR-UHFFFAOYSA-N,104.1
C(CNCCNCCN)N.Cl,Cl.NCCNCCNCCN,XPVOJYDIBHYVFL-UHFFFAOYSA-N,182.69
C1=NC2=C(N1)C(=S)N=CN2,S=c1nc[nH]c2nc[nH]c12,GLVAUDGFNGKCSF-UHFFFAOYSA-N,152.18
[Ne],[Ne],GKAOGPIIYCISHV-UHFFFAOYSA-N,20.18
C(C(=O)N)N(CC(=O)O)CC(=O)O,NC(=O)CN(CC(=O)O)CC(=O)O,QZTKDVCDBIDYMD-UHFFFAOYSA-N,190.15
O=[Cr](=O)=O,O=[Cr](=O)=O,WGLPBDUCMAPZCE-UHFFFAOYSA-N,99.994
CN(C)CC(=O)O.Cl,CN(C)CC(=O)O.Cl,FKASAVXZZLJTNX-UHFFFAOYSA-N,139.58
CC(CC(=O)[O-])O,CC(O)CC(=O)[O-],WHBMMWSBFZVSSR-GSVOUGTGSA-M,103.1
CC(=CC(=O)NCC(=O)O)C,CC(C)=CC(=O)NCC(=O)O,PFWQSHXPNKRLIV-UHFFFAOYSA-N,157.17
CC1(C2CCC(O1)(CC2)C)C,CC12CCC(CC1)C(C)(C)O2,WEEGYLXZBRQIMU-UHFFFAOYSA-N,154.25
C(CS)N.Cl,Cl.NCCS,OGMADIBCHLQMIP-UHFFFAOYSA-N,113.61
C1=CC(=CC(=C1)N)C(=O)N,NC(=O)c1cccc(N)c1,GSCPDZHWVNUUFI-UHFFFAOYSA-N,136.15
C1=CC(=C(C=C1O)C(=O)O)O,O=C(O)c1cc(O)ccc1O,WXTMDXOMEHJXQO-UHFFFAOYSA-N,154.12
C(CC(=O)O)C(C(=O)[O-])N,NC(CCC(=O)O)C(=O)[O-],WHUUTDBJXJRKMK-VKHMYHEASA-M,146.12
C(CC(=O)[O-])C(C(=O)[O-])N,NC(CCC(=O)[O-])C(=O)[O-],WHUUTDBJXJRKMK-UHFFFAOYSA-L,145.11
C1=C(C=C(C=C1O)O)O,Oc1cc(O)cc(O)c1,QCDYQQDYXPDABM-UHFFFAOYSA-N,126.11
C=CC(CCC(=O)[O-])[NH3+],C=CC([NH3+])CCC(=O)[O-],PJDFLNIOAUIZSL-UHFFFAOYSA-N,129.16
CC1=CC=CC=C1C,Cc1ccccc1C,CTQNGGLPUBDAKN-UHFFFAOYSA-N,106.16
C(C1C(C(C(O1)(CO)O)O)O)O,OCC1OC(O)(CO)C(O)C1O,RFSUNEUAIZKAJO-KAZBKCHUSA-N,180.16
C1=CC2=C(C=C1C(=[NH2+])N)NC=N2,NC(=[NH2+])c1ccc2nc[nH]c2c1,UHGFPMUGEQINGV-UHFFFAOYSA-O,161.18
OP(=O)(O)[O-].[Na+],O=P([O-])(O)O.[Na+],AJPJDKMHJJGVTQ-UHFFFAOYSA-M,119.977
C[N+](C)(C)CC(=O)O,C[N+](C)(C)CC(=O)O,KWIUHFFTVRNATP-UHFFFAOYSA-O,118.15
[O-][Cr](=O)(=O)[O-].[Zn+2],O=[Cr](=O)([O-])[O-].[Zn+2],NDKWCCLKSWNDBG-UHFFFAOYSA-N,181.4
OP(=O)([O-])[O-].[Na+].[Na+],O=P([O-])([O-])O.[Na+].[Na+],BNIILDVGGAEEIG-UHFFFAOYSA-L,141.959
CC1=C(N=C(C(=N1)C)C)C,Cc1nc(C)c(C)nc1C,FINHMKGKINIASC-UHFFFAOYSA-N,136.19
[Mo],[Mo],ZOKXTWBITQBERF-UHFFFAOYSA-N,95.95
C1CO1,C1CO1,IAYPIBMASNFSPL-UHFFFAOYSA-N,44.05
C1=CC=C(C=C1)C(=O)CCl,O=C(CCl)c1ccccc1,IMACFCSSMIZSPP-UHFFFAOYSA-N,154.59
C(CC(=O)[O-])CO.[K+],O=C([O-])CCCO.[K+],TXSIWDVUJVMMKM-UHFFFAOYSA-M,142.19
C1=CC(=S)N(C=C1)O.[Zn],On1ccccc1=S.[Zn],VOHCMATXIKWIKC-UHFFFAOYSA-N,192.5
CNCC1C2=C(CCO1)C=CS2,CNCC1OCCc2ccsc21,ABDDQTDRAHXHOC-QMMMGPOBSA-N,183.27
COC1=CC=C(C=C1)CC=C,C=CCc1ccc(OC)cc1,ZFMSMUAANRJZFM-UHFFFAOYSA-N,148.2
CN=C(N)NCCCC(C(=O)O)N,CN=C(N)NCCCC(N)C(=O)O,NTNWOCRCBQPEKQ-YFKPBYRVSA-N,188.23
[CH-]1OO1.[CH-]1OO1.[CH-]1OO1.[Cr+3],[Cr+3].[cH-]1oo1.[cH-]1oo1.[cH-]1oo1,ZXQGUYNXXOKBHT-UHFFFAOYSA-N,187.05
C(CC(=O)N)C(C(=O)[O-])N.[Na+],NC(=O)CCC(N)C(=O)[O-].[Na+],YWOPZILGDZKFFC-DFWYDOINSA-M,168.13
C(=O)C=O,O=CC=O,LEQAOMBKQFMDFZ-UHFFFAOYSA-N,58.04
CC(=O)N,CC(N)=O,DLFVBJFMPXGRIB-UHFFFAOYSA-N,59.07
C(CC(C(=O)O)N)CN=C(N)N,NC(N)=NCCCC(N)C(=O)O,ODKSFYDXXFIFQN-UHFFFAOYSA-N,174.2
CC(CC1=CC=CC=C1)NCC#C,C#CCNC(C)Cc1ccccc1,UUFAJPMQSFXDFR-UHFFFAOYSA-N,173.25
[Y],[Y],VWQVUPCCIRVNHF-UHFFFAOYSA-N,88.905
CC(C)C(NC(=O)N)NC(=O)N,CC(C)C(NC(N)=O)NC(N)=O,QFHMNFAUXJAINK-UHFFFAOYSA-N,174.2
F[Cu]F,F[Cu]F,GWFAVIIMQDUCRA-UHFFFAOYSA-L,101.54
CCCCCC1=C(C=C(C=C1)C)O,CCCCCc1ccc(C)cc1O,CKGWFZQGEQJZIL-UHFFFAOYSA-N,178.27
C[N+](C)(C)CC(CC(=O)[O-])O,C[N+](C)(C)CC(O)CC(=O)[O-],PHIQHXFUZVPYII-UHFFFAOYSA-N,161.2
[Ni],[Ni],PXHVJJICTQNCMI-UHFFFAOYSA-N,58.693
C1=CC=C(C=C1)CC(=O)O,O=C(O)Cc1ccccc1,WLJVXDMOQOGPHL-UHFFFAOYSA-N,136.15
CCCCOCC(C)OCC(C)O,CCCCOCC(C)OCC(C)O,CUVLMZNMSPJDON-UHFFFAOYSA-N,190.28
C1CN1P(=O)(N2CC2)N3CC3,O=P(N1CC1)(N1CC1)N1CC1,FYAMXEPQQLNQDM-UHFFFAOYSA-N,173.15
[O-]S(=O)S(=O)(=O)[O-].[Na+].[Na+],O=S([O-])S(=O)(=O)[O-].[Na+].[Na+],HRZFUMHJMZEROT-UHFFFAOYSA-L,190.11
COC1=CC=CC=C1N2CCNCC2,COc1ccccc1N1CCNCC1,VNZLQLYBRIOLFZ-UHFFFAOYSA-N,192.26
C1C2=C(C=C(C=C2)O)C3=CC=CC=C31,Oc1ccc2c(c1)-c1ccccc1C2,PVUBSZGNXLNTLX-UHFFFAOYSA-N,182.22
C1CC(N(C1)C(=O)CN)C(=O)O,NCC(=O)N1CCCC1C(=O)O,KZNQNBZMBZJQJO-YFKPBYRVSA-N,172.18
C(CC(=O)[O-])C(C(=O)[O-])[NH3+].[Na+],[NH3+]C(CCC(=O)[O-])C(=O)[O-].[Na+],LPUQAYUQRXPFSQ-DFWYDOINSA-M,169.11
C(C(F)(F)F)(Cl)Br,FC(F)(F)C(Cl)Br,BCQZXOMGPXTTIC-UHFFFAOYSA-N,197.38
CC(=C)C(=O)O,C=C(C)C(=O)O,CERQOIWHTDAKMF-UHFFFAOYSA-N,86.09
CC1(C2CCC1(C(=O)C2)C)C,CC12CCC(CC1=O)C2(C)C,DSSYKIVIOFKYAU-UHFFFAOYSA-N,152.23
CC(C)OP(=O)(C)F,CC(C)OP(C)(=O)F,DYAHQFWOVKZOOW-UHFFFAOYSA-N,140.09
C1=C(NC(=O)NC1=O)C(=O)O,O=C(O)c1cc(=O)[nH]c(=O)[nH]1,PXQPEWDEAKTCGB-UHFFFAOYSA-N,156.1
Cl[Ti]Cl,Cl[Ti]Cl,ZWYDDDAMNQQZHD-UHFFFAOYSA-L,118.77
C[N+](C)(C)CCOC(=O)N.[Cl-],C[N+](C)(C)CCOC(N)=O.[Cl-],AIXAANGOTKPUOY-UHFFFAOYSA-N,182.65
CC(C)OC(=S)[S-].[Na+],CC(C)OC(=S)[S-].[Na+],IRZFQKXEKAODTJ-UHFFFAOYSA-M,158.2
C1=CC=C(C(=C1)O)O,Oc1ccccc1O,YCIMNLLNPGFGHC-UHFFFAOYSA-N,110.11
CCCCCCC1=C(C=C(C=C1)O)O,CCCCCCc1ccc(O)cc1O,WFJIVOKAWHGMBH-UHFFFAOYSA-N,194.27
[Tc],[Tc],GKLVYJBZJHMRIY-OUBTZVSYSA-N,98.906
CC1C(C(C(C2=NN=NN12)O)O)O,CC1C(O)C(O)C(O)c2nnnn21,RGTARVZVTUMUSY-QMKXCQHVSA-N,186.17
C(C(=O)O)C(=O)O,O=C(O)CC(=O)O,OFOBLEOULBTSOW-UHFFFAOYSA-N,104.06
CCCCC(=O)O.[Zn],CCCCC(=O)O.[Zn],GZRVOXIEYDEHKD-UHFFFAOYSA-N,167.5
C(C[N+](=O)[O-])C(=O)O,O=C(O)CC[N+](=O)[O-],WBLZUCOIBUDNBV-UHFFFAOYSA-N,119.08
[Sr],[Sr],CIOAGBVUUVVLOB-NJFSPNSNSA-N,89.907
CC(=O)OCC[N+](C)(C)C,CC(=O)OCC[N+](C)(C)C,OIPILFWXSMYKGL-UHFFFAOYSA-N,146.21
C(=O)(NN)NO,NNC(=O)NO,CNRHKPRBIKMGPQ-UHFFFAOYSA-N,91.07
C1=CC=C2C(=C1)C=CC=C2[N+](=O)[O-],O=[N+]([O-])c1cccc2ccccc12,RJKGJBPXVHTNJL-UHFFFAOYSA-N,173.17
BrBr,BrBr,GDTBXPJZTBHREO-UHFFFAOYSA-N,159.81
C(CC#N)CC#N,N#CCCCC#N,ZTOMUSMDRMJOTH-UHFFFAOYSA-N,94.11
[O-]P(=O)([O-])F.[Na+].[Na+],O=P([O-])([O-])F.[Na+].[Na+],BFDWBSRJQZPEEB-UHFFFAOYSA-L,143.95
CC(C)(CC1=CC=C(C=C1)Cl)N,CC(C)(N)Cc1ccc(Cl)cc1,ZCKAMNXUHHNZLN-UHFFFAOYSA-N,183.68
C1=CNC(=O)NC1=O,O=c1cc[nH]c(=O)[nH]1,ISAKRJDGNUQOIC-AZXPZELESA-N,113.08
[Cr+3],[Cr+3],BFGKITSFLPAWGI-UHFFFAOYSA-N,51.996
C(C1C(C(C(C(O1)O)O)O)O)O,OCC1OC(O)C(O)C(O)C1O,WQZGKKKJIJFFOK-QTVWNMPRSA-N,180.16
C(CCC(=O)O)CCN,NCCCCCC(=O)O,SLXKOJJOQWFEFD-UHFFFAOYSA-N,131.17
C1=CC=C(C=C1)N2C(=NN=N2)N,Nc1nnnn1-c1ccccc1,ULIDRMKBVYYVIQ-UHFFFAOYSA-N,161.16
C1=CC=C(C(=C1)C=O)C=O,O=Cc1ccccc1C=O,ZWLUXSQADUDCSB-UHFFFAOYSA-N,134.13
C1=CC=C(C=C1)C=CC(=O)O,O=C(O)C=Cc1ccccc1,WBYWAXJHAXSJNI-VOTSOKGWSA-N,148.16
CCCC#N,CCCC#N,KVNRLNFWIYMESJ-UHFFFAOYSA-N,69.11
CC(CC1=CC=CC=C1)N,CC(N)Cc1ccccc1,KWTSXDURSIMDCE-UHFFFAOYSA-N,135.21
C#CCNC1CCC2=CC=CC=C12,C#CCNC1CCc2ccccc21,RUOKEQAAGRXIBM-GFCCVEGCSA-N,171.24
CC1=CC(=C(C=C1)S)S,Cc1ccc(S)c(S)c1,NIAAGQAEVGMHPM-UHFFFAOYSA-N,156.3
[H+].C1=CC(=CN=C1)C(=O)[O-],O=C([O-])c1cccnc1.[H+],PVNIIMVLHYAWGP-UHFFFAOYSA-N,123.11
[Cl-].[Cl-].[Co+2],[Cl-].[Cl-].[Co+2],GVPFVAHMJGGAJG-UHFFFAOYSA-L,129.84
C(CC(=O)O)CN,NCCCC(=O)O,BTCSSZJGUNDROE-UHFFFAOYSA-N,103.12
[H+],[H+],GPRLSGONYQIRFK-UHFFFAOYSA-N,1.008
B(F)(F)F,FB(F)F,WTEOIRVLGSZEPR-UHFFFAOYSA-N,67.81
[O-]Cl.[Na+],[Na+].[O-]Cl,SUKJFIGYRHOWBL-UHFFFAOYSA-N,74.44
C1C(CC2=CC=CC=C21)NCC(=O)N,NC(=O)CNC1Cc2ccccc2C1,MNLULKBKWKTZPE-UHFFFAOYSA-N,190.24
COC1=CC2=C(C=C1)NC=C2CCN,COc1ccc2[nH]cc(CCN)c2c1,JTEJPPKMYBDEMY-UHFFFAOYSA-N,190.24
O=[As]O[As]=O,O=[As]O[As]=O,IKWTVSLWAPBBKU-UHFFFAOYSA-N,197.841
C(CCl)P(=O)(O)O,O=P(O)(O)CCCl,UDPGUMQDCGORJQ-UHFFFAOYSA-N,144.49
Cl[V]Cl,Cl[V]Cl,ITAKKORXEUJTBC-UHFFFAOYSA-L,121.84
C(CCN=C(N)N)CN,NCCCCN=C(N)N,QYPPJABKJHAVHS-UHFFFAOYSA-N,130.19
[Zn+2],[Zn+2],PTFCDOFLOPIGGS-UHFFFAOYSA-N,65.4
C1CCC2=C(C1)C(=C3CCCC3=N2)N,Nc1c2c(nc3c1CCC3)CCCC2,YLUSMKAJIQOXPV-UHFFFAOYSA-N,188.27
C(=O)(N)NO,NC(=O)NO,VSNHCAURESNICA-UHFFFAOYSA-N,76.055
CC(CC(=O)O)(CC(=O)O)O,CC(O)(CC(=O)O)CC(=O)O,NPOAOTPXWNWTSH-UHFFFAOYSA-N,162.14
[As],[As],RQNWIZPPADIBDY-UHFFFAOYSA-N,74.921
CC(C[N+](C)(C)C)OC(=O)C.[Cl-],CC(=O)OC(C)C[N+](C)(C)C.[Cl-],JHPHVAVFUYTVCL-UHFFFAOYSA-M,195.69
CC(=O)OC1=CC=CC=C1C(=O)[O-],CC(=O)Oc1ccccc1C(=O)[O-],BSYNRYMUTXBXSQ-UHFFFAOYSA-M,179.15
C(C(C(=O)[O-])N)C(=O)[O-].[Ca+2],NC(CC(=O)[O-])C(=O)[O-].[Ca+2],OPSXJNAGCGVGOG-DKWTVANSSA-L,171.16
[K+].[I-],[I-].[K+],NLKNQRATVPKPDG-UHFFFAOYSA-M,166.002
C1=CC=C(C(=O)C=C1)O,O=c1cccccc1O,MDYOLVRUBBJPFM-UHFFFAOYSA-N,122.12
[Kr],[Kr],DNNSSWSSYDEUBZ-OIOBTWANSA-N,80.916
[C-]#N.[C-]#N.[Zn+2],[C-]#N.[C-]#N.[Zn+2],GTLDTDOJJJZVBW-UHFFFAOYSA-N,117.4
CN1C=NC2=C1C(=O)NC(=O)N2,Cn1cnc2[nH]c(=O)[nH]c(=O)c21,PFWLFWPASULGAN-UHFFFAOYSA-N,166.14
C1CN(CCN1)C2=CC(=CC=C2)Cl,Clc1cccc(N2CCNCC2)c1,VHFVKMTVMIZMIK-UHFFFAOYSA-N,196.67
C1=CC2=C(C(=C1)N)C(=O)N[N-]C2=O.[Na+],Nc1cccc2c(=O)[n-][nH]c(=O)c12.[Na+],RVJVDCVIJCBUTH-UHFFFAOYSA-M,199.14
CC(=CCCC(=CCOC(=O)C)C)C,CC(=O)OCC=C(C)CCC=C(C)C,HIGQPQRQIQDZMP-DHZHZOJOSA-N,196.29
O.O=[Si]=O,O.O=[Si]=O,LRCFXGAMWKDGLA-UHFFFAOYSA-N,78.099
C(=C(Cl)Cl)Cl,ClC=C(Cl)Cl,XSTXAVWGXDQKEL-UHFFFAOYSA-N,131.38
C1=CC(=C(C=C1CC[NH3+])O)O,[NH3+]CCc1ccc(O)c(O)c1,VYFYYTLLBUKUHU-UHFFFAOYSA-O,154.19
C(C(F)(F)Cl)(F)(F)Cl,FC(F)(Cl)C(F)(F)Cl,DDMOUSALMHHKOS-UHFFFAOYSA-N,170.92
CCOC(=O)CC(=O)C,CCOC(=O)CC(C)=O,XYIBRDXRRQCHLP-UHFFFAOYSA-N,130.139
[O-][Tc](=O)(=O)=O.[Na+],O=[Tc](=O)(=O)[O-].[Na+],MKADDTFVKFMZGF-PUQAOBSFSA-N,185.894
C(C1C(C(C(C(O1)O)F)O)O)O,OCC1OC(O)C(F)C(O)C1O,ZCXUVYAZINUVJD-UHFFFAOYSA-N,182.15
C1N2CN3CN1CN(C2)C3,C1N2CN3CN1CN(C2)C3,VKYKSIONXSXAKP-UHFFFAOYSA-N,140.19
CC1=CC(=O)C(=C(C)[O-])C(=O)O1.[Na+],CC1=CC(=O)C(=C(C)[O-])C(=O)O1.[Na+],DSOWAKKSGYUMTF-GZOLSCHFSA-M,190.13
C1C(CNC1C(=O)O)O,O=C(O)C1CC(O)CN1,PMMYEEVYMWASQN-DMTCNVIQSA-N,131.13
CC1CCC(=C(C)C)C(=O)C1,CC(C)=C1CCC(C)CC1=O,NZGWDASTMWDZIW-MRVPVSSYSA-N,152.23
[O-]P(=O)([O-])[O-].[Al+3],O=P([O-])([O-])[O-].[Al+3],ILRRQNADMUWWFW-UHFFFAOYSA-K,121.953
[O-][O-].[Ba+2],[Ba+2].[O-][O-],ZJRXSAYFZMGQFP-UHFFFAOYSA-N,169.33
O1OO1,o1oo1,XQOAKYYZMDCSIA-UHFFFAOYSA-N,47.998
C(C(C(C(CO)O)O)O)O,OCC(O)C(O)C(O)CO,HEBKCHPVOIAQTA-QWWZWVQMSA-N,152.15
[O-2].[O-2].[O-2].[Mg+2].[Si+4],[Mg+2].[O-2].[O-2].[O-2].[Si+4],ZADYMNAVLSWLEQ-UHFFFAOYSA-N,100.39
CC1C(=O)C(=C(O1)C)O,CC1=C(O)C(=O)C(C)O1,INAXVXBDKKUCGI-UHFFFAOYSA-N,128.13
CC1(C2CCC1(C(C2)O)C)C,CC1(C)C2CCC1(C)C(O)C2,DTGKSKDOIYIVQL-MRTMQBJTSA-N,154.25
CC(CC1=CC=C(C=C1)O)(C(=O)O)N,CC(N)(Cc1ccc(O)cc1)C(=O)O,NHTGHBARYWONDQ-UHFFFAOYSA-N,195.21
CCOC(=O)C=CC(=O)OCC,CCOC(=O)C=CC(=O)OCC,IEPRKVQEAMIZSS-AATRIKPKSA-N,172.18
C1=CC=C2C(=C1)C(=CN2)CO,OCc1c[nH]c2ccccc12,IVYPNXXAYMYVSP-UHFFFAOYSA-N,147.17
C[N+](CC#C)(CC1=CC=CC=C1)[O-],C#CC[N+](C)([O-])Cc1ccccc1,NZCJCBZLNHDNCR-UHFFFAOYSA-N,175.23
C(C(C(=O)O)O)O,O=C(O)C(O)CO,RBNPOMFGQQGHHO-UWTATZPHSA-N,106.08
O,O,XLYOFNOQVPJJNP-BJUDXGSMSA-N,17.019
C1CCNC(C1)C2=CN=CC=C2,c1cncc(C2CCCCN2)c1,MTXSIJUGVMTTMU-JTQLQIEISA-N,162.23
C=CC=O,C=CC=O,HGINCPLSRVDWNT-UHFFFAOYSA-N,56.06
C1=CC=C2C(=C1)NC=N2,c1ccc2[nH]cnc2c1,HYZJCKYKOHLVJF-UHFFFAOYSA-N,118.14
O.O.[F-].[F-].[Cu+2],O.O.[Cu+2].[F-].[F-],CTRICEWDSISGPV-UHFFFAOYSA-L,137.57
F[Mn]F,F[Mn]F,CTNMMTCXUUFYAP-UHFFFAOYSA-L,92.934
C(C(=O)COP(=O)(O)O)O,O=C(CO)COP(=O)(O)O,GNGACRATGGDKBX-UHFFFAOYSA-N,170.06
C(C=O)C(C(C(CO)O)O)O,O=CCC(O)C(O)C(O)CO,VRYALKFFQXWPIH-QYRBDRAASA-N,164.16
Cl[Cr](Cl)Cl,Cl[Cr](Cl)Cl,QSWDMMVNRMROPK-UHFFFAOYSA-K,158.35
[O-][Si]([O-])([O-])[O-].[Mg+2].[Al+3],[Al+3].[Mg+2].[O-][Si]([O-])([O-])[O-],WMGSQTMJHBYJMQ-UHFFFAOYSA-N,143.37
[HH].CC(C)(C(C(=O)O)N)S,CC(C)(S)C(N)C(=O)O.[HH],AJDBSPPPPGEPBV-UHFFFAOYSA-N,151.23
C1CCC(CC1)N,NC1CCCCC1,PAFZNILMFXTMIY-UHFFFAOYSA-N,99.17
[OH-].[Na+],[Na+].[OH-],HEMHJVSKTPXQMS-UHFFFAOYSA-M,39.997
OP(=O)(O)[O-].[K+],O=P([O-])(O)O.[K+],GNSKLFRGEWLPPA-UHFFFAOYSA-M,136.086
C(C(C(=O)[O-])N)C(=O)[O-].[Ca+2],NC(CC(=O)[O-])C(=O)[O-].[Ca+2],OPSXJNAGCGVGOG-DKWTVANSSA-L,171.16
[Be],[Be],ATBAMAFKBVZNFJ-UHFFFAOYSA-N,9.012
CC1=CC=C(C=C1)S(=O)(=O)C[N+]#[C-],[C-]#[N+]CS(=O)(=O)c1ccc(C)cc1,CFOAUYCPAUGDFF-UHFFFAOYSA-N,195.24
C1=CC=C(C=C1)CCNN,NNCCc1ccccc1,RMUCZJUITONUFY-UHFFFAOYSA-N,136.19
CCC(C)(C)C(=O)[O-].[Na+],CCC(C)(C)C(=O)[O-].[Na+],OOPXYEYPPHJHSE-UHFFFAOYSA-M,138.14
C1=CC(=C(N=C1)C=NNC(=S)N)N,NC(=S)NN=Cc1ncccc1N,XMYKNCNAZKMVQN-NYYWCZLTSA-N,195.25
[I-],[I-],XMBWDFGMSWQBCA-AHCXROLUSA-M,122.905
C1C(C(C(C(O1)(CN)O)O)O)O,NCC1(O)OCC(O)C(O)C1O,IXZISFNWUWKBOM-ARQDHWQXSA-N,179.17
C1=CN(C(=N1)[N+](=O)[O-])CC(CF)O,O=[N+]([O-])c1nccn1CC(O)CF,HIIJZYSUEJYLMX-UHFFFAOYSA-N,189.14
CNCCC=CC1=CN=CC=C1,CNCCC=Cc1cccnc1,JUOSGGQXEBBCJB-GORDUTHDSA-N,162.23
C1=CC(=CC(=C1)Cl)O,Oc1cccc(Cl)c1,HORNXRXVQWOLPJ-UHFFFAOYSA-N,128.55
[Ca],[Ca],OYPRJOBELJOOCE-UHFFFAOYSA-N,40.08
C(CC(=O)O)C(C(=O)[O-])N.O.[Na+],NC(CCC(=O)O)C(=O)[O-].O.[Na+],GJBHGUUFMNITCI-QTNFYWBSSA-M,187.13
CC(=O)NCCCNCCCCN,CC(=O)NCCCNCCCCN,MQTAVJHICJWXBR-UHFFFAOYSA-N,187.28
CC([N+](=O)[O-])(Cl)Cl,CC(Cl)(Cl)[N+](=O)[O-],OQOGEOLRYAOSKO-UHFFFAOYSA-N,143.95
C1=CC=C(C=C1)C(C(C(=O)O)O)S,O=C(O)C(O)C(S)c1ccccc1,SVGXKGXXXJMWEO-HTQZYQBOSA-N,198.24
C(CN=C(N)N)C(=O)O,NC(N)=NCCC(=O)O,KMXXSJLYVJEBHI-UHFFFAOYSA-N,131.13
CCC(C)C(C(=O)O)N,CCC(C)C(N)C(=O)O,AGPKZVBTJJNPAG-WHFBIAKZSA-N,131.17
CC1OC(OC(OC(O1)C)C)C,CC1OC(C)OC(C)OC(C)O1,GKKDCARASOJPNG-UHFFFAOYSA-N,176.21
C1=CC(=C(C=C1Cl)Cl)CO,OCc1ccc(Cl)cc1Cl,DBHODFSFBXJZNY-UHFFFAOYSA-N,177.02
COC1=CC=CC=C1OCC(CO)O,COc1ccccc1OCC(O)CO,HSRJKNPTNIJEKV-UHFFFAOYSA-N,198.22
CCCC1CCCCN1,CCCC1CCCCN1,NDNUANOUGZGEPO-UHFFFAOYSA-N,127.23
C1CCC(CC1)(C#N)N2CCCCC2,N#CC1(N2CCCCC2)CCCCC1,WWSAYKJWUZJLRT-UHFFFAOYSA-N,192.3
C1=CC=C2C(=C1)C=CC3=CC=CC=C3N2,C1=Cc2ccccc2Nc2ccccc21,LCGTWRLJTMHIQZ-UHFFFAOYSA-N,193.24
C(C(C(=O)[O-])[NH3+])C(=O)[O-].[K+],[K+].[NH3+]C(CC(=O)[O-])C(=O)[O-],TXXVQZSTAVIHFD-DKWTVANSSA-M,171.19
O=[Ge]=O,O=[Ge]=O,YBMRDBCBODYGJE-UHFFFAOYSA-N,104.63
[O-]Cl(=O)(=O)=O.[K+],[K+].[O-][Cl+3]([O-])([O-])[O-],YLMGFJXSLBMXHK-UHFFFAOYSA-M,138.55
C1=CN=CNC1=S,S=c1ccnc[nH]1,MGAXHFMCFLLMNG-UHFFFAOYSA-N,112.16
C1=CC=C(C=C1)N,Nc1ccccc1,PAYRUJLWNCNPSJ-UHFFFAOYSA-N,93.13
CC1=CCC(CC1)C(C)(C)O,CC1=CCC(C(C)(C)O)CC1,WUOACPNHFRMFPN-SECBINFHSA-N,154.25
CC(=O)NC(CS)C(=O)O,CC(=O)NC(CS)C(=O)O,PWKSKIMOESPYIA-UHFFFAOYSA-N,163.2
C(C(C(=O)O)N)SCC(=O)O,NC(CSCC(=O)O)C(=O)O,GBFLZEXEOZUWRN-VKHMYHEASA-N,179.2
CC(C(=O)CCCCCC(=O)O)N,CC(N)C(=O)CCCCCC(=O)O,GUAHPAJOXVYFON-ZETCQYMHSA-N,187.24
[O-][Al]=O.[O-][Al]=O.[Ca+2],O=[Al][O-].O=[Al][O-].[Ca+2],XFWJKVMFIVXPKK-UHFFFAOYSA-N,158.04
C(C(C(=O)O)O)C(=O)O,O=C(O)CC(O)C(=O)O,BJEPYKJPYRNKOW-UHFFFAOYSA-N,134.09
CNCC(C1=CC(=CC=C1)O)O,CNCC(O)c1cccc(O)c1,SONNWYBIRXJNDC-VIFPVBQESA-N,167.2
C1=CC(=CC=C1[N+](=O)[O-])O,O=[N+]([O-])c1ccc(O)cc1,BTJIUGUIPKRLHP-UHFFFAOYSA-N,139.11
C(C(C(=O)O)S)(C(=O)O)S,O=C(O)C(S)C(S)C(=O)O,ACTRVOBWPAIOHC-UHFFFAOYSA-N,182.2
C1=CC=C(C=C1)CC#N,N#CCc1ccccc1,SUSQOBVLVYHIEX-UHFFFAOYSA-N,117.15
CC1=CC(=CC(=C1O)[N+](=O)[O-])[N+](=O)[O-],Cc1cc([N+](=O)[O-])cc([N+](=O)[O-])c1O,ZXVONLUNISGICL-UHFFFAOYSA-N,198.13
C1=CC=C(C=C1)C=CCO,OCC=Cc1ccccc1,OOCCDEMITAIZTP-QPJJXVBHSA-N,134.17
[O-]S(=O)(=O)[O-].[Na+].[Na+],O=S(=O)([O-])[O-].[Na+].[Na+],PMZURENOXWZQFD-UHFFFAOYSA-L,142.04
CCBr,CCBr,RDHPKYGYEGBMSE-UHFFFAOYSA-N,108.97
CC1=C2C=CC(=C2C=C(C=C1)C(C)C)C,Cc1ccc(C(C)C)cc2c(C)ccc1-2,FWKQNCXZGNBPFD-UHFFFAOYSA-N,198.3
CC(C)(C(C(=O)O)N)S,CC(C)(S)C(N)C(=O)O,VVNCNSJFMMFHPL-VKHMYHEASA-N,149.21
CC(C)CC(=O)O,CC(C)CC(=O)O,GWYFCOCPABKNJV-UHFFFAOYSA-N,102.13
CC(C)(CC(=O)O)O,CC(C)(O)CC(=O)O,AXFYFNCPONWUHW-UHFFFAOYSA-N,118.13
F[As](F)F,F[As](F)F,JCMGUODNZMETBM-UHFFFAOYSA-N,131.916
CC(C(C1=CC=CC=C1)O)N,CC(N)C(O)c1ccccc1,DLNKOYKMWOXYQA-APPZFPTMSA-N,151.21
[O-]S(=O)(=O)[O-].[Zn+2],O=S(=O)([O-])[O-].[Zn+2],NWONKYPBYAMBJT-UHFFFAOYSA-L,161.4
O.[O-]P=O.[Na+],O.O=P[O-].[Na+],ACUGTEHQOFWBES-UHFFFAOYSA-M,103.978
C[N+](C)(C)CCF,C[N+](C)(C)CCF,WOAGQHQTBSCFJV-UHFFFAOYSA-N,106.16
CC.CC.CC.CC.CC,CC.CC.CC.CC.CC,OVZPZOMOENCEFN-UHFFFAOYSA-N,150.35
C1C2CNCC1C3=CC=CC(=O)N3C2,O=c1cccc2n1CC1CNCC2C1,ANJTVLIZGCUXLD-DTWKUNHWSA-N,190.24
C1=NC2=NC=NC(=C2N1)N,Nc1ncnc2nc[nH]c12,GFFGJBXGBJISGV-UHFFFAOYSA-N,135.13
CC(=CCCC(=C)C=C)C,C=CC(=C)CCC=C(C)C,UAHWPYUMFXYFJY-UHFFFAOYSA-N,136.23
CN1CCCC1C2=CN=CC=C2,CN1CCCC1c1cccnc1,SNICXCGAKADSCV-SNVBAGLBSA-N,162.23
CNCC(C1=CC(=C(C=C1)O)O)O,CNCC(O)c1ccc(O)c(O)c1,UCTWMZQNUQWSLP-UHFFFAOYSA-N,183.2
CC(=O)OCC(CO)O,CC(=O)OCC(O)CO,KMZHZAAOEWVPSE-UHFFFAOYSA-N,134.13
[Cr+6],[Cr+6],JOPOVCBBYLSVDA-UHFFFAOYSA-N,51.996
C(C(C(=O)O)N)OC(=O)C=[N+]=[N-],[N-]=[N+]=CC(=O)OCC(N)C(=O)O,MZZGOOYMKKIOOX-VKHMYHEASA-N,173.13
CC1=CC=C(C=C1)[O-].[Na+],Cc1ccc([O-])cc1.[Na+],ZECBPBHBGNLLMU-UHFFFAOYSA-M,130.12
I,I,XMBWDFGMSWQBCA-OIOBTWANSA-N,124.914
[Na],[Na],KEAYESYHFKHZAL-UHFFFAOYSA-N,22.989
C(=O)(N)N.OO,NC(N)=O.OO,AQLJVWUFPCUVLO-UHFFFAOYSA-N,94.07
C1=CC(=C(C=C1N)C(=O)O)[O-],Nc1ccc([O-])c(C(=O)O)c1,KBOPZPXVLCULAV-UHFFFAOYSA-M,152.13
C1=CC=C2C(=O)C=CC(=O)C2=C1,O=C1C=CC(=O)c2ccccc21,FRASJONUBLZVQX-UHFFFAOYSA-N,158.15
CC1(C2CCC1(C(C2)O)C)C,CC1(C)C2CCC1(C)C(O)C2,DTGKSKDOIYIVQL-KTOWXAHTSA-N,154.25
O=[Cd],O=[Cd],CXKCTMHTOKXKQT-UHFFFAOYSA-N,128.41
CC(C(C1=CC=CC=C1)O)N.Cl,CC(N)C(O)c1ccccc1.Cl,DYWNLSQWJMTVGJ-KUSKTZOESA-N,187.66
CC1=NC=CN1.C1C(O1)CCl,Cc1ncc[nH]1.ClCC1CO1,DEMLYXMVPJAVFU-UHFFFAOYSA-N,174.63
C1=CC(=CN=C1)C(=O)N,NC(=O)c1cccnc1,DFPAKSUCGFBDDF-UHFFFAOYSA-N,122.12
CC1=CC=C(C=C1)S,Cc1ccc(S)cc1,WLHCBQAPPJAULW-UHFFFAOYSA-N,124.21
C1=CC(=CN=C1)C(=O)O.[Cr],O=C(O)c1cccnc1.[Cr],HPCCGRCEBFBZQP-UHFFFAOYSA-N,175.11
C1=CC=C(C=C1)C2=CC=CC=C2O,Oc1ccccc1-c1ccccc1,LLEMOWNGBBNAJR-UHFFFAOYSA-N,170.21
C[N+](C)(C)CCCC(=O)OC,COC(=O)CCC[N+](C)(C)C,XQSLKIBWQSTAGK-UHFFFAOYSA-N,160.23
CC(CC1=CC=CC=C1)N,CC(N)Cc1ccccc1,KWTSXDURSIMDCE-MRVPVSSYSA-N,135.21
CCCCOC(=O)C=C,C=CC(=O)OCCCC,CQEYYJKEWSMYFG-UHFFFAOYSA-N,128.169
C(C(C(C(C=O)O)O)O)O,O=CC(O)C(O)C(O)CO,PYMYPHUHKUWMLA-VPENINKCSA-N,150.13
CC1(CC(CC(N1[O])(C)C)O)C,CC1(C)CC(O)CC(C)(C)N1[O],UZFMOKQJFYMBGY-UHFFFAOYSA-N,172.24
[Cd],[Cd],BDOSMKKIYDKNTQ-UHFFFAOYSA-N,112.41
C1=CC(=NN=C1C(=O)N)NN,NNc1ccc(C(N)=O)nn1,WRYZEGZNBYOMLE-UHFFFAOYSA-N,153.14
C1CCC(C1)(C(=O)O)N,NC1(C(=O)O)CCCC1,NILQLFBWTXNUOE-UHFFFAOYSA-N,129.16
CCCCCCCCCCCCO,CCCCCCCCCCCCO,LQZZUXJYWNFBMV-UHFFFAOYSA-N,186.33
CC(CCO)(CC(=O)O)O,CC(O)(CCO)CC(=O)O,KJTLQQUUPVSXIM-UHFFFAOYSA-N,148.16
[NH4+].[Cl-],[Cl-].[NH4+],NLXLAEXVIDQMFP-UHFFFAOYSA-N,53.49
CC1(C2CCC1(C(C2)O)C)C,CC1(C)C2CCC1(C)C(O)C2,DTGKSKDOIYIVQL-XKSSXDPKSA-N,154.25
O=[Zn],O=[Zn],XLOMVQKBTHCTTD-UHFFFAOYSA-N,81.4
C1CCNC(C1)C2=CN=CC=C2,c1cncc(C2CCCCN2)c1,MTXSIJUGVMTTMU-UHFFFAOYSA-N,162.23
C(C(C(C(C(C=O)F)O)O)O)O,O=CC(F)C(O)C(O)C(O)CO,AOYNUTHNTBLRMT-MXWOLSILSA-N,181.15
C1CCCN(CCC1)CCN=C(N)N,NC(N)=NCCN1CCCCCCC1,ACGDKVXYNVEAGU-UHFFFAOYSA-N,198.31
CC1=CCC(CC1)C(=C)C,C=C(C)C1CC=C(C)CC1,XMGQYMWWDOXHJM-JTQLQIEISA-N,136.23
[Ni]=[Se],[Ni]=[Se],QHASIAZYSXZCGO-UHFFFAOYSA-N,137.66
CCN(CCCl)CCCl,CCN(CCCl)CCCl,UQZPGHOJMQTOHB-UHFFFAOYSA-N,170.08
COC1=C(C2=CC=CC=C2C=C1)CO,COc1ccc2ccccc2c1CO,VBHARLNUEDIKQD-UHFFFAOYSA-N,188.22
C1=CC(=CC=C1O)S(=O)(=O)O,O=S(=O)(O)c1ccc(O)cc1,FEPBITJSIHRMRT-UHFFFAOYSA-N,174.18
C1CCC(CC1)NS(=O)(=O)O,O=S(=O)(O)NC1CCCCC1,HCAJEUSONLESMK-UHFFFAOYSA-N,179.24
CC(C)OCCO,CC(C)OCCO,HCGFUIQPSOCUHI-UHFFFAOYSA-N,104.15
C1=CSC(=C1)C(=S)N,NC(=S)c1cccs1,HDXYHAPUCGQOBX-UHFFFAOYSA-N,143.2
CC(=NO)C(=O)C,CC(=O)C(C)=NO,FSEUPUDHEBLWJY-UHFFFAOYSA-N,101.1
F[Y](F)F,F[Y](F)F,RBORBHYCVONNJH-UHFFFAOYSA-K,145.901
CCOC(=O)N1C=CN(C1=S)C,CCOC(=O)n1ccn(C)c1=S,CFOYWRHIYXMDOT-UHFFFAOYSA-N,186.23
CN(C)CCS,CN(C)CCS,DENMGZODXQRYAR-UHFFFAOYSA-N,105.2
[O-]S(=O)(=O)[O-].[Mn+2],O=S(=O)([O-])[O-].[Mn+2],SQQMAOCOWKFBNP-UHFFFAOYSA-L,151.0
C1CC(CCC1CN)C(=O)O,NCC1CCC(C(=O)O)CC1,GYDJEQRTZSCIOI-UHFFFAOYSA-N,157.21
CCCl,CCCl,HRYZWHHZPQKTII-UHFFFAOYSA-N,64.51
[Cl-].[Cl-].[Sr+2],[Cl-].[Cl-].[Sr+2],AHBGXTDRMVNFER-UHFFFAOYSA-L,158.52
C[N+]1=CC=CC(=C1)C(=O)N,C[n+]1cccc(C(N)=O)c1,LDHMAVIPBRSVRG-UHFFFAOYSA-O,137.16
N(=O)[O-],O=N[O-],IOVCWXUNBOPUCH-UHFFFAOYSA-M,46.006
O1[Ge]2O[Ge]1O2,O1[Ge]2O[Ge]1O2,SCROFWKGSXXDOV-UHFFFAOYSA-N,193.26
COC(=O)C1=CN=CC=C1,COC(=O)c1cccnc1,YNBADRVTZLEFNH-UHFFFAOYSA-N,137.14
C1=CN(C(=O)NC1=O)F,O=c1ccn(F)c(=O)[nH]1,SNKDCTFPQUHAPR-UHFFFAOYSA-N,130.08
C1=NNC2=C1C(=O)[N-]C=N2.[Na+],O=c1[n-]cnc2[nH]ncc12.[Na+],PTJRZVJXXNYNLN-UHFFFAOYSA-M,158.09
CN1CCCC1C2=CN=CC=C2,CN1CCCC1c1cccnc1,SNICXCGAKADSCV-UHFFFAOYSA-N,162.23
CC(C)CC(C(=O)O)N,CC(C)CC(N)C(=O)O,ROHFNLRQFUQHCH-YFKPBYRVSA-N,131.17
CCOC=O,CCOC=O,WBJINCZRORDGAQ-UHFFFAOYSA-N,74.08
C(C(C(C(C=O)O)O)O)O,O=CC(O)C(O)C(O)CO,PYMYPHUHKUWMLA-VAYJURFESA-N,150.13
CNOC.Cl,CNOC.Cl,USZLCYNVCCDPLQ-UHFFFAOYSA-N,97.54
C(C(C(=O)[O-])O)(C(=O)[O-])O.[NH4+].[NH4+],O=C([O-])C(O)C(O)C(=O)[O-].[NH4+].[NH4+],NGPGDYLVALNKEG-OLXYHTOASA-N,184.15
[Pt],[Pt],BASFCYQUMIYNBI-UHFFFAOYSA-N,195.08
[OH-].[OH-].[Cu+2],[Cu+2].[OH-].[OH-],JJLJMEJHUUYSSY-UHFFFAOYSA-L,97.56
CON,CON,GMPKIPWJBDOURN-UHFFFAOYSA-N,47.057
C1CNCC2=C1C(=O)NO2.O,O.O=c1[nH]oc2c1CCNC2,UDHPXYNRXFPDOF-UHFFFAOYSA-N,158.16
[K+].[Br-],[Br-].[K+],IOLCXVTUBQKXJR-UHFFFAOYSA-M,119.0
[HH],[HH],UFHFLCQGNIYNRP-UHFFFAOYSA-N,2.016
C1=CC=C2C(=C1)C=NN=C2NN,NNc1nncc2ccccc12,RPTUSVTUFVMDQK-UHFFFAOYSA-N,160.18
C1=CC=C(C=C1)N=C=S,S=C=Nc1ccccc1,QKFJKGMPGYROCL-UHFFFAOYSA-N,135.19
P#[Ga],P#[Ga],HZXMRANICFIONG-UHFFFAOYSA-N,100.697
[C-]#N,[C-]#N,XFXPMWWXUTWYJX-UHFFFAOYSA-N,26.017
CS(=N)(=O)CCC(C(=O)O)N,CS(=N)(=O)CCC(N)C(=O)O,SXTAYKAGBXMACB-DPVSGNNYSA-N,180.23
[O-]S(=O)(=O)[O-].O=[V+2],O=S(=O)([O-])[O-].O=[V+2],UUUGYDOQQLOJQA-UHFFFAOYSA-L,163.01
C1CS(=O)(=O)NCO1,O=S1(=O)CCOCN1,GHDARLKSYBCZRE-UHFFFAOYSA-N,137.16
C1=CN=C(C=N1)C(=O)N,NC(=O)c1cnccn1,IPEHBUMCGVEMRF-UHFFFAOYSA-N,123.11
CS(=O)(=O)F,CS(=O)(=O)F,KNWQLFOXPQZGPX-UHFFFAOYSA-N,98.1
CCOC(=O)C(=C)C#N,C=C(C#N)C(=O)OCC,FGBJXOREULPLGL-UHFFFAOYSA-N,125.13
C(C(C(=O)[O-])N)C(=O)[O-].[Mg+2],NC(CC(=O)[O-])C(=O)[O-].[Mg+2],NFFJLMKHRCXLJO-DKWTVANSSA-L,155.39
C(C(CO)O)C(=O)O,O=C(O)CC(O)CO,DZAIOXUZHHTJKN-UHFFFAOYSA-N,120.1
CCCCCCCC(=O)NO,CCCCCCCC(=O)NO,RGUVUPQQFXCJFC-UHFFFAOYSA-N,159.23
C1=CC=C2C=CC=CC2=C1,c1ccc2ccccc2c1,UFWIBTONFRDIAS-UHFFFAOYSA-N,128.169
CN(CC#C)CC1=CC=CC=C1,C#CCN(C)Cc1ccccc1,DPWPWRLQFGFJFI-UHFFFAOYSA-N,159.23
CC(CC1=CC=C(C=C1)O)(C(=O)O)N,CC(N)(Cc1ccc(O)cc1)C(=O)O,NHTGHBARYWONDQ-JTQLQIEISA-N,195.21
C(CC(=O)O)C(C(=O)O)N,NC(CCC(=O)O)C(=O)O,WHUUTDBJXJRKMK-GSVOUGTGSA-N,147.13
C(C(C(=O)O)N)C(=O)N,NC(=O)CC(N)C(=O)O,DCXYFEDJOCDNAF-REOHCLBHSA-N,132.12
C1=CC=C2C(=C1)C(=CN2)CCC(=O)O,O=C(O)CCc1c[nH]c2ccccc12,GOLXRNDWAUTYKT-UHFFFAOYSA-N,189.21
CC(C(=O)[O-])O.[NH4+],CC(O)C(=O)[O-].[NH4+],RZOBLYBZQXQGFY-UHFFFAOYSA-N,107.11
CCCC=O,CCCC=O,ZTQSAGDEMFDKMZ-UHFFFAOYSA-N,72.11
CCOC(=O)C1=CC=C(C=C1)O,CCOC(=O)c1ccc(O)cc1,NUVBSKCKDOMJSU-UHFFFAOYSA-N,166.17
OP(=O)(O)OP(=S)(O)O,O=P(O)(O)OP(O)(O)=S,HWTUHTNZLQJJEV-UHFFFAOYSA-N,194.04
O=[Mn]=O,O=[Mn]=O,NUJOXMJBOLGQSY-UHFFFAOYSA-N,86.937
O[Se](=O)O,O=[Se](O)O,MCAHWIHFGHIESP-UHFFFAOYSA-N,128.99
Cl[Cd]Cl,Cl[Cd]Cl,YKYOUMDCQGMQQO-UHFFFAOYSA-L,183.32
C1C2C1C3=C(C2)C(=NN3)C(=O)O,O=C(O)c1n[nH]c2c1CC1CC21,CUTZNERBKDMLAP-QWWZWVQMSA-N,164.16
CC1=CC(=O)NC(=O)N1,Cc1cc(=O)[nH]c(=O)[nH]1,SHVCSCWHWMSGTE-UHFFFAOYSA-N,126.11
CCOC(=O)CC(F)(F)F,CCOC(=O)CC(F)(F)F,FMDMKDPUFQNVSH-UHFFFAOYSA-N,156.1
[O-][O-].[Mg+2],[Mg+2].[O-][O-],SPAGIJMPHSUYSE-UHFFFAOYSA-N,56.304
COC(=O)CC(=O)OC,COC(=O)CC(=O)OC,BEPAFCGSDWSTEL-UHFFFAOYSA-N,132.11
C(=O)[O-].C(=O)[O-].[Cu+2],O=C[O-].O=C[O-].[Cu+2],HFDWIMBEIXDNQS-UHFFFAOYSA-L,153.58
CC1=C(C=CC(=C1)C(=O)C)O,CC(=O)c1ccc(O)c(C)c1,LXBHHIZIQVZGFN-UHFFFAOYSA-N,150.17
CNCC(=O)O.CNCC(=O)O,CNCC(=O)O.CNCC(=O)O,FRYOUKNFWFXASU-UHFFFAOYSA-N,178.19
C(=O)C(=O)O,O=CC(=O)O,HHLFWLYXYJOTON-UHFFFAOYSA-N,74.04
CC1(CCOC(=O)C1)O,CC1(O)CCOC(=O)C1,JYVXNLLUYHCIIH-ZCFIWIBFSA-N,130.139
C1=CC(=CC=C1N)N.Cl.Cl,Cl.Cl.Nc1ccc(N)cc1,IYXMNTLBLQNMLM-UHFFFAOYSA-N,181.06
C1CNCCN1,C1CNCCN1,GLUUGHFHXGJENI-UHFFFAOYSA-N,86.14
[Be+2].[Cu+2],[Be+2].[Cu+2],UUYSDZSSCIZRFG-UHFFFAOYSA-N,72.56
CS,CS,LSDPWZHWYPCBBB-UHFFFAOYSA-N,48.11
C1=CNC(=O)NC1=O,O=c1cc[nH]c(=O)[nH]1,ISAKRJDGNUQOIC-UHFFFAOYSA-N,112.09
CCC(C)SSC1=NC=CN1,CCC(C)SSc1ncc[nH]1,BPBPYQWMFCTCNG-UHFFFAOYSA-N,188.3
CC1(C2CC1C(C(=O)C2)(C)O)C,CC1(O)C(=O)CC2CC1C2(C)C,VZRRCQOUNSHSGB-UHFFFAOYSA-N,168.23
C1=CC=C2C(=C1)N=C(S2)[S-].[Na+],[Na+].[S-]c1nc2ccccc2s1,VLDHWMAJBNWALQ-UHFFFAOYSA-M,189.2
CC(C)(CO)N,CC(C)(N)CO,CBTVGIZVANVGBH-UHFFFAOYSA-N,89.14
[NH4+].[NH4+].OP(=O)([O-])[O-],O=P([O-])([O-])O.[NH4+].[NH4+],MNNHAPBLZZVQHP-UHFFFAOYSA-N,132.06
CC1C(C(C(C(O1)O)O)O)O,CC1OC(O)C(O)C(O)C1O,SHZGCJCMOBCMKK-KGJVWPDLSA-N,164.16
CCON=O,CCON=O,QQZWEECEMNQSTG-UHFFFAOYSA-N,75.07
C(C(C(=O)O)O)(C(=O)O)O,O=C(O)C(O)C(O)C(=O)O,FEWJPZIEWOKRBE-UHFFFAOYSA-N,150.09
C(C(=O)CO)O,O=C(CO)CO,RXKJFZQQPQGTFL-UHFFFAOYSA-N,90.08
CC1=CC(=NC(=N1)Cl)N(C)C,Cc1cc(N(C)C)nc(Cl)n1,HJIUPFPIEBPYIE-UHFFFAOYSA-N,171.63
C1C2=CC=CC=C2C3=CC=CC=C31,c1ccc2c(c1)Cc1ccccc1-2,NIHNNTQXNPWCJQ-UHFFFAOYSA-N,166.22
CC[N+](C)(C)C1=CC(=CC=C1)O,CC[N+](C)(C)c1cccc(O)c1,VWLHWLSRQJQWRG-UHFFFAOYSA-O,166.24
C[Si](C)(C)C#N,C[Si](C)(C)C#N,LEIMLDGFXIOXMT-UHFFFAOYSA-N,99.21
CC=C,C=CC,QQONPFPTGQHPMA-UHFFFAOYSA-N,42.08
O.[Cu].[Cu],O.[Cu].[Cu],LBJNMUFDOHXDFG-UHFFFAOYSA-N,145.11
C(CC(=O)[O-])C(C(=O)[O-])N,NC(CCC(=O)[O-])C(=O)[O-],WHUUTDBJXJRKMK-VKHMYHEASA-L,145.11
[Te],[Te],PORWMNRCUJJQNO-UHFFFAOYSA-N,127.6
CCCCOC(=O)C1=CC=C(C=C1)O,CCCCOC(=O)c1ccc(O)cc1,QFOHBWFCKVYLES-UHFFFAOYSA-N,194.23
CC(CCO)O,CC(O)CCO,PUPZLCDOIYMWBV-UHFFFAOYSA-N,90.12
C(=O)([O-])[O-].[Ca+2],O=C([O-])[O-].[Ca+2],VTYYLEPIZMXCLO-UHFFFAOYSA-L,100.09
O=Cl(=O)OOCl(=O)=O,[O-][Cl+2]([O-])OO[Cl+2]([O-])[O-],BDPFOCXGWACWRU-UHFFFAOYSA-N,166.9
C1=CC=C(C=C1)CC(COC(=O)N)N,NC(=O)OCC(N)Cc1ccccc1,UCTRAOBQFUDCSR-UHFFFAOYSA-N,194.23
CC12C3CCC(C1(C(=O)OC2=O)C)O3,CC12C(=O)OC(=O)C1(C)C1CCC2O1,DHZBEENLJMYSHQ-XCVPVQRUSA-N,196.2
C1=CC(=CC=C1CCN)O,NCCc1ccc(O)cc1,DZGWFCGJZKJUFP-UHFFFAOYSA-N,137.18
C(C(Cl)(Cl)Cl)(O)O,OC(O)C(Cl)(Cl)Cl,RNFNDJAIBTYOQL-UHFFFAOYSA-N,165.4
CC1C(O1)P(=O)([O-])[O-].[Na+].[Na+],CC1OC1P(=O)([O-])[O-].[Na+].[Na+],QZIQJIKUVJMTDG-OTUWWBTESA-L,182.02
CC1=CCC(CC1=O)C(=C)C,C=C(C)C1CC=C(C)C(=O)C1,ULDHMXUKGWMISQ-UHFFFAOYSA-N,150.22
[Cl-].[Cl-].[Cu+2],[Cl-].[Cl-].[Cu+2],ORTQZVOHEJQUHG-OUMJLSBWSA-L,134.83
C1=CC=C(C=C1)C(C#N)Br,N#CC(Br)c1ccccc1,XUHFBOUSHUEAQZ-UHFFFAOYSA-N,196.04
C1=CC(=CC=C1C=C(C#N)C(=O)O)O,N#CC(=Cc1ccc(O)cc1)C(=O)O,AFVLVVWMAFSXCK-VMPITWQZSA-N,189.17
C(=O)(Cl)Cl,O=C(Cl)Cl,YGYAWVDWMABLBF-UHFFFAOYSA-N,98.91
C1CC1,C1CC1,LVZWSLJZHVFIQJ-UHFFFAOYSA-N,42.08
CC(C(=O)O)[NH3+],CC([NH3+])C(=O)O,QNAYBMKLOCPYGJ-REOHCLBHSA-O,90.1
OCl=O,[O-][Cl+]O,QBWCMBCROVPCKQ-UHFFFAOYSA-N,68.46
C1=CC=C(C=C1)NC=O,O=CNc1ccccc1,DYDNPESBYVVLBO-UHFFFAOYSA-N,121.14
C1=NC(=O)NC(=C1F)N,Nc1[nH]c(=O)ncc1F,XRECTZIEBJDKEO-UHFFFAOYSA-N,129.09
C(C1C(C(C(C(O1)O)O)O)O)O,OCC1OC(O)C(O)C(O)C1O,WQZGKKKJIJFFOK-UHFFFAOYSA-N,180.16
CC(C(C1=CC=C(C=C1)O)O)NC,CNC(C)C(O)c1ccc(O)cc1,OXFGTKPPFSCSMA-XVKPBYJWSA-N,181.23
CC1CCC(C(C1)O)C(C)C,CC1CCC(C(C)C)C(O)C1,NOOLISFMXDJSKH-KXUCPTDWSA-N,156.26
CC=C(C)C(=O)NCC(=O)O,CC=C(C)C(=O)NCC(=O)O,WRUSVQOKJIDBLP-HWKANZROSA-N,157.17
C(=O)[O-].C(=O)[O-].[Ca+2],O=C[O-].O=C[O-].[Ca+2],CBOCVOKPQGJKKJ-UHFFFAOYSA-L,130.11
O=[Cu],O=[Cu],QPLDLSVMHZLSFG-UHFFFAOYSA-N,79.55
CC(C(=O)O)N,CC(N)C(=O)O,QNAYBMKLOCPYGJ-REOHCLBHSA-N,89.09
C1=CC(=C(C=C1Cl)Cl)O,Oc1ccc(Cl)cc1Cl,HFZWRUODUSTPEG-UHFFFAOYSA-N,163.0
CC=CC1=CC(=C(C=C1)O)OC,CC=Cc1ccc(O)c(OC)c1,BJIOGJUNALELMI-ONEGZZNKSA-N,164.2
C[N+](C)(C)CC#CCOC1CCON1,C[N+](C)(C)CC#CCOC1CCON1,GOOCMILMBCWQER-UHFFFAOYSA-N,199.27
C(=CC(=O)[O-])C(=O)[O-].[Fe+2],O=C([O-])C=CC(=O)[O-].[Fe+2],PMVSDNDAUGGCCE-TYYBGVCCSA-L,169.9
[OH-].[O-]S(=O)(=O)[O-].[K+].[Ca+2],O=S(=O)([O-])[O-].[Ca+2].[K+].[OH-],SNBXCWVOMQIJEH-UHFFFAOYSA-K,192.25
Cl[Zn]Cl,Cl[Zn]Cl,JIAARYAFYJHUJI-UHFFFAOYSA-L,136.3
C(CNCCN)N,NCCNCCN,RPNUMPOLZDHAAY-UHFFFAOYSA-N,103.17
C1COCN1,C1COCN1,WYNCHZVNFNFDNH-UHFFFAOYSA-N,73.09
[Xe],[Xe],FHNFHKCVQCLJFQ-NJFSPNSNSA-N,132.905
CCN1C(=O)C=CC1=O,CCN1C(=O)C=CC1=O,HDFGOPSGAURCEO-UHFFFAOYSA-N,125.13
C(C=O)C(C(C(CO)O)O)O,O=CCC(O)C(O)C(O)CO,VRYALKFFQXWPIH-UHFFFAOYSA-N,164.16
C1=CC=C(C=C1)[N+](=O)[O-],O=[N+]([O-])c1ccccc1,LQNUZADURLCDLV-UHFFFAOYSA-N,123.11
CC(C)C12CCC(O1)(CC2)C,CC(C)C12CCC(C)(CC1)O2,RFFOTVCVTJUTAD-UHFFFAOYSA-N,154.25
C(#N)I,N#CI,WPBXOELOQKLBDF-UHFFFAOYSA-N,152.922
CN1C=NC2=C1C(=O)N(C(=O)N2C)C,Cn1c(=O)c2c(ncn2C)n(C)c1=O,RYYVLZVUVIJVGH-UHFFFAOYSA-N,194.19
CC(C)(C)[N+]#[C-],[C-]#[N+]C(C)(C)C,FAGLEPBREOXSAC-UHFFFAOYSA-N,83.13
N(=O)[O-].N(=O)[O-].[Ca+2],O=N[O-].O=N[O-].[Ca+2],AONJRPXZCVADKF-UHFFFAOYSA-L,132.09
F[Al](F)F,F[Al](F)F,KLZUFWVZNOTSEM-UHFFFAOYSA-K,83.976
[O-]Cl(=O)=O.[K+],[K+].[O-][Cl+2]([O-])[O-],VKJKEPKFPUWCAS-UHFFFAOYSA-M,122.55
[He].N#N.O=O,N#N.O=O.[He],ZKVLEFBKBNUQHK-UHFFFAOYSA-N,64.015
C(CC(C(=O)O)N)C[NH+]=C(N)N,NC(N)=[NH+]CCCC(N)C(=O)O,ODKSFYDXXFIFQN-BYPYZUCNSA-O,175.21
COC1=C(C=CC(=C1)C=O)O,COc1cc(C=O)ccc1O,MWOOGOJBHIARFG-UHFFFAOYSA-N,152.15
C(=O)([O-])[O-].[Mg+2],O=C([O-])[O-].[Mg+2],ZLNQQNXFFQJAID-UHFFFAOYSA-L,84.31
C1CNC(CN1)C(=O)O,O=C(O)C1CNCCN1,JSSXHAMIXJGYCS-UHFFFAOYSA-N,130.15
CCN(CC)N=O,CCN(CC)N=O,WBNQDOYYEUMPFS-UHFFFAOYSA-N,102.14
[O-][Si]([O-])([O-])[O-].[Ca+2].[Ca+2],[Ca+2].[Ca+2].[O-][Si]([O-])([O-])[O-],JHLNERQLKQQLRZ-UHFFFAOYSA-N,172.24
CC(=O)[O-].[Na+],CC(=O)[O-].[Na+],VMHLLURERBWHNL-CGOMOMTCSA-M,83.026
CC(C)CC(=O)C(=O)O,CC(C)CC(=O)C(=O)O,BKAJNAXTPSGJCU-UHFFFAOYSA-N,130.139
C1=CC=C(C=C1)CC(=O)C(=O)O,O=C(O)C(=O)Cc1ccccc1,BTNMPGBKDVTSJY-UHFFFAOYSA-N,164.16
[Cu].[Zn],[Cu].[Zn],TVZPLCNGKSPOJA-UHFFFAOYSA-N,128.9
[Sm],[Sm],KZUNJOHGWZRPMI-AKLPVKDBSA-N,152.922
CC1=C(C(=CC=C1)C)NC(=O)C(C)N,Cc1cccc(C)c1NC(=O)C(C)N,BUJAGSGYPOAWEI-SECBINFHSA-N,192.26
[O-]S(=O)[O-].[K+].[K+],O=S([O-])[O-].[K+].[K+],BHZRJJOHZFYXTO-UHFFFAOYSA-L,158.26
C1CCNC(C1)C(=O)O,O=C(O)C1CCCCN1,HXEACLLIILLPRG-UHFFFAOYSA-N,129.16
[O-2].[O-2].[O-2].[Al+3].[Al+3],[Al+3].[Al+3].[O-2].[O-2].[O-2],PNEYBMLMFCGWSK-UHFFFAOYSA-N,101.961
[N+](=O)([O-])[O-].[Na+],O=[N+]([O-])[O-].[Na+],VWDWKYIASSYTQR-UHFFFAOYSA-N,84.995
C1=CC=C(C(=C1)C(=O)[O-])O.[Na+],O=C([O-])c1ccccc1O.[Na+],ABBQHOQBGMUPJH-UHFFFAOYSA-M,160.1
C1=CC=C(C=C1)Cl,Clc1ccccc1,MVPPADPHJFYWMZ-UHFFFAOYSA-N,112.55
C#CCOC1CN2CCC1CC2,C#CCOC1CN2CCC1CC2,XVFJONKUSLSKSW-JTQLQIEISA-N,165.23
CNCC(C1=CC(=C(C=C1)O)O)O,CNCC(O)c1ccc(O)c(O)c1,UCTWMZQNUQWSLP-VIFPVBQESA-N,183.2
CC(=O)[O-].[Na+],CC(=O)[O-].[Na+],VMHLLURERBWHNL-AWQJXPNKSA-M,84.019
C(CS(=O)(=O)O)NCl,O=S(=O)(O)CCNCl,NMMHHSLZJLPMEG-UHFFFAOYSA-N,159.59
CC(=O)O.[Zn],CC(=O)O.[Zn],DBJUEJCZPKMDPA-UHFFFAOYSA-N,125.4
C1=CC(=CC=C1C=C(C#N)C(=O)O)O,N#CC(=Cc1ccc(O)cc1)C(=O)O,AFVLVVWMAFSXCK-UHFFFAOYSA-N,189.17
C1=COC=C1,c1ccoc1,YLQBMQCUIZJEEH-UHFFFAOYSA-N,68.07
CSC#N,CSC#N,VYHVQEYOFIYNJP-UHFFFAOYSA-N,73.12
CCCCCCCCCC(=O)CC=O,CCCCCCCCCC(=O)CC=O,QBDCOUHKEVYWLO-UHFFFAOYSA-N,198.3
[N+](=O)(O)[O-],O=[N+]([O-])O,GRYLNZFGIOXLOG-UHFFFAOYSA-N,63.013
N(=O)[O-].[Na+],O=N[O-].[Na+],LPXPTNMVRIOKMN-UHFFFAOYSA-M,68.995
CNC(=O)C1=CN=CC=C1,CNC(=O)c1cccnc1,ZYVXHFWBYUDDBM-UHFFFAOYSA-N,136.15
C(C(OC(F)F)(F)F)(F)Cl,FC(F)OC(F)(F)C(F)Cl,JPGQOUSTVILISH-UHFFFAOYSA-N,184.49
[Sn],[Sn],ATJFFYVFTNAWJD-UHFFFAOYSA-N,118.71
C1=CC=C(C=C1)C(=O)NCC(=O)O,O=C(O)CNC(=O)c1ccccc1,QIAFMBKCNZACKA-UHFFFAOYSA-N,179.17
CC(=O)[O-].[Na+],CC(=O)[O-].[Na+],VMHLLURERBWHNL-UHFFFAOYSA-M,82.03
FF,FF,PXGOKWXKJXAPGV-UHFFFAOYSA-N,37.996
[Nb],[Nb],GUCVJGMIXFAOAE-UHFFFAOYSA-N,92.906
[He],[He],SWQJXJOGLNCZEY-UHFFFAOYSA-N,4.002
C(C(C(C(C(C=O)F)O)O)O)O,O=CC(F)C(O)C(O)C(O)CO,AOYNUTHNTBLRMT-UHFFFAOYSA-N,182.15
C=CCN=C=S,C=CCN=C=S,ZOJBYZNEUISWFT-UHFFFAOYSA-N,99.16
C(=N)=O,N=C=O,OWIKHYCFFJSOEH-UHFFFAOYSA-N,43.025
CC1(C2CCC1(C(C2)O)C)C,CC1(C)C2CCC1(C)C(O)C2,DTGKSKDOIYIVQL-SHTILUHOSA-N,154.25
CC(=O)OC1CCN(CC1)C,CC(=O)OC1CCN(C)CC1,RWPYOAUYOSFJQV-UHFFFAOYSA-N,157.21
C1=CC2=C(C=CC(=C2N=C1)O)[N+](=O)[O-],O=[N+]([O-])c1ccc(O)c2ncccc12,RJIWZDNTCBHXAL-UHFFFAOYSA-N,190.16
C(CC(=O)[O-])C(C(=O)[O-])[NH3+],[NH3+]C(CCC(=O)[O-])C(=O)[O-],WHUUTDBJXJRKMK-UHFFFAOYSA-M,146.12
C(#N)C(=C(C#N)C#N)C#N,N#CC(C#N)=C(C#N)C#N,NLDYACGHTUPAQU-UHFFFAOYSA-N,128.09
C(CCCC(=O)O)CCCC(=O)O,O=C(O)CCCCCCCC(=O)O,BDJRBEYXGGNYIS-UHFFFAOYSA-N,188.22
CCCC(CCC)C(=O)O,CCCC(CCC)C(=O)O,NIJJYAXOARWZEE-UHFFFAOYSA-N,144.21
[Cr],[Cr],VYZAMTAEIAYCRO-BJUDXGSMSA-N,50.944
CC(=CCCC(C)(C=C)O)C,C=CC(C)(O)CCC=C(C)C,CDOSHBSSFJOMGT-UHFFFAOYSA-N,154.25
CC1=CCC2CC1C2(C)C,CC1=CCC2CC1C2(C)C,GRWFGVWFFZKLTI-UHFFFAOYSA-N,136.23
[Co],[Co],GUTLYIVDDKVIGB-UHFFFAOYSA-N,58.933
[Zr],[Zr],QCWXUUIWCKQGHC-UHFFFAOYSA-N,91.22
C(C(C(C(=O)O)O)O)O,O=C(O)C(O)C(O)CO,JPIJQSOTBSSVTP-STHAYSLISA-N,136.1
C1=CC(=O)OC2=CC3=C(C=CO3)C=C21,O=c1ccc2cc3ccoc3cc2o1,ZCCUUQDIBDJBTK-UHFFFAOYSA-N,186.16
O=[Ti]=O,O=[Ti]=O,GWEVSGVZZGPLCZ-UHFFFAOYSA-N,79.866
C(C(C(=O)[O-])O)(C(=O)[O-])O.[NH4+].[NH4+],O=C([O-])C(O)C(O)C(=O)[O-].[NH4+].[NH4+],NGPGDYLVALNKEG-UHFFFAOYSA-N,184.15
N(=O)[O-].[K+],O=N[O-].[K+],BXNHTSHTPBPRFX-UHFFFAOYSA-M,85.104
OCl(=O)=O,[O-][Cl+2]([O-])O,XTEGARKTQYYJKE-UHFFFAOYSA-N,84.46
CC1CNC(=O)NC1=O,CC1CNC(=O)NC1=O,NBAKTGXDIBVZOO-VKHMYHEASA-N,128.13
C(=O)([O-])[O-],O=C([O-])[O-],BVKZGUZCCUSVTD-UHFFFAOYSA-L,60.009
CCC1(C(=O)C(CNC1=O)C)CC,CCC1(CC)C(=O)NCC(C)C1=O,SIDLZWOQUZRBRU-UHFFFAOYSA-N,183.25
[F-].[Na+],[F-].[Na+],PUZPDOWCWNUUKD-ULWFUOSBSA-M,40.99
CC1(C2CCC1(C(C2)O)C)C,CC1(C)C2CCC1(C)C(O)C2,DTGKSKDOIYIVQL-WEDXCCLWSA-N,154.25
[Au],[Au],PCHJSUWPFVWCPO-UHFFFAOYSA-N,196.966
CC(C)CC(C(=O)O)N,CC(C)CC(N)C(=O)O,ROHFNLRQFUQHCH-RXMQYKEDSA-N,131.17
CC(C)NC(C)C,CC(C)NC(C)C,UAOMVDZJSHZZME-UHFFFAOYSA-N,101.19
[CH3],[CH3],WCYWZMWISLQXQU-FIBGUPNXSA-N,18.053
C(C(CO)([N+](=O)[O-])Br)O,O=[N+]([O-])C(Br)(CO)CO,LVDKZNITIUWNER-UHFFFAOYSA-N,199.99
[P],[P],OAICVXFJPJFONN-UHFFFAOYSA-N,30.973
[HH],[HH],UFHFLCQGNIYNRP-VVKOMZTBSA-N,4.028
CCCCOCCO,CCCCOCCO,POAOYUHQDCAZBD-UHFFFAOYSA-N,118.17
C1=C(C(=O)[N-]C(=O)N1)F.[Na+],O=c1[n-]c(=O)c(F)c[nH]1.[Na+],XLBUSGPKSVRQSF-UHFFFAOYSA-M,152.06
[C-]#[O+],[C-]#[O+],UGFAIRIUMAVXCW-UHFFFAOYSA-N,28.01
COP(=O)(O)OC,COP(=O)(O)OC,KKUKTXOBAWVSHC-UHFFFAOYSA-N,126.05
CCCCCCCCCCC(=O)O,CCCCCCCCCCC(=O)O,ZDPHROOEEOARMN-UHFFFAOYSA-N,186.29
OS(=O)(=O)O,O=S(=O)(O)O,QAOWNCQODCNURD-UHFFFAOYSA-N,98.08
C(C(C(C(C(C(=O)F)O)O)O)O)O,O=C(F)C(O)C(O)C(O)C(O)CO,IJPVCOQVFLNLAP-SQOUGZDYSA-N,198.15
[Y],[Y],VWQVUPCCIRVNHF-OUBTZVSYSA-N,89.907
CNC(CC(=O)O)C(=O)O,CNC(CC(=O)O)C(=O)O,HOKKHZGPKSLGJE-GSVOUGTGSA-N,147.13
C1=C(NC=N1)C(=O)O,O=C(O)c1cnc[nH]1,NKWCGTOZTHZDHB-UHFFFAOYSA-N,112.09
CC(C)CC=O,CC(C)CC=O,YGHRJJRRZDOVPD-UHFFFAOYSA-N,86.13
[Pr],[Pr],PUDIUYLPXJFUGB-UHFFFAOYSA-N,140.907
Cl[Fe]Cl,Cl[Fe]Cl,NMCUIPGRVMDVDB-UHFFFAOYSA-L,126.75
C1=CC(=CC=C1[N+](=O)[O-])Cl,O=[N+]([O-])c1ccc(Cl)cc1,CZGCEKJOLUNIFY-UHFFFAOYSA-N,157.55
Cl[Pd]Cl,Cl[Pd]Cl,PIBWKRNGBLPSSY-UHFFFAOYSA-L,177.32
O.O.O.O.[Cl-].[Cl-].[Mn+2],O.O.O.O.[Cl-].[Cl-].[Mn+2],CNFDGXZLMLFIJV-UHFFFAOYSA-L,197.9
COC(CC1=CC=C(C=C1)N)C(=O)O,COC(Cc1ccc(N)cc1)C(=O)O,QLJYLJGYIDIJPT-VIFPVBQESA-N,195.21
C1=CC(=CC=C1CC(C(=O)O)N)O,NC(Cc1ccc(O)cc1)C(=O)O,OUYCCCASQSFEME-QMMMGPOBSA-N,181.19
C(CS(=O)(=O)O)S,O=S(=O)(O)CCS,ZNEWHQLOPFWXOF-UHFFFAOYSA-N,142.2
CNCC(=O)O,CNCC(=O)O,FSYKKLYZXJSNPZ-UHFFFAOYSA-N,89.09
C1=CC=C(C=C1)C(C(C(=O)O)O)S,O=C(O)C(O)C(S)c1ccccc1,SVGXKGXXXJMWEO-SFYZADRCSA-N,198.24
S.I,I.S,RABUZJZUBFMWSH-UHFFFAOYSA-N,162.0
C1=CC(=C(C(=C1)O)O)N,Nc1cccc(O)c1O,MGBKJKDRMRAZKC-UHFFFAOYSA-N,125.13
[C-]#N.[Cu+],[C-]#N.[Cu+],DOBRDRYODQBAMW-UHFFFAOYSA-N,89.56
C(C(C(C(C(C=O)O)O)O)O)O.O,O.O=CC(O)C(O)C(O)C(O)CO,SPFMQWBKVUQXJV-UHFFFAOYSA-N,198.17
C[N+](C)(C)CC(CC(=O)O)O.[Cl-],C[N+](C)(C)CC(O)CC(=O)O.[Cl-],JXXCENBLGFBQJM-UHFFFAOYSA-N,197.66
C1CCNC(C1)C2=CN=CC=C2,c1cncc(C2CCCCN2)c1,MTXSIJUGVMTTMU-SNVBAGLBSA-N,162.23
CCCCC(C(=O)O)N,CCCCC(N)C(=O)O,LRQKBLKVPFOOQJ-YFKPBYRVSA-N,131.17
C1=CC(=CN=C1)C(=O)[O-].[Cr],O=C([O-])c1cccnc1.[Cr],HPCCGRCEBFBZQP-UHFFFAOYSA-M,174.1
C1CC(=O)N(C1)CC(=O)N,NC(=O)CN1CCCC1=O,GMZVRMREEHBGGF-UHFFFAOYSA-N,142.16
C1=CC=C(C=C1)C=CBr,BrC=Cc1ccccc1,YMOONIIMQBGTDU-VOTSOKGWSA-N,183.04
[CH]F,[CH]F,YUCFVHQCAFKDQG-UHFFFAOYSA-N,32.017
O=[Si]=O,O=[Si]=O,VYPSYNLAJGMNEJ-UHFFFAOYSA-N,60.084
C1COCCO1,C1COCCO1,RYHBNJHYFVUHQT-UHFFFAOYSA-N,88.11
[Tb],[Tb],GZCRRIHWUXGPOV-UHFFFAOYSA-N,158.925
C1C=CN2C1CC2=O,O=C1CC2CC=CN12,YZBQHRLRFGPBSL-RXMQYKEDSA-N,109.13
CN1CN(C(=S)SC1)C,CN1CSC(=S)N(C)C1,QAYICIQNSGETAS-UHFFFAOYSA-N,162.3
CBr,CBr,GZUXJHMPEANEGY-UHFFFAOYSA-N,94.94
CN(C)C=O,CN(C)C=O,ZMXDDKWLCZADIW-UHFFFAOYSA-N,73.09
C(#N)Br,N#CBr,ATDGTVJJHBUTRL-UHFFFAOYSA-N,105.92
CCC1(C(=O)N(C(=O)O1)C)C,CCC1(C)OC(=O)N(C)C1=O,VQASKUSHBVDKGU-UHFFFAOYSA-N,157.17
CC(=NO)C(=O)C,CC(=O)C(C)=NO,FSEUPUDHEBLWJY-HWKANZROSA-N,101.1
CN1CC(=O)N=C1N,CN1CC(=O)N=C1N,DDRJAANPRJIHGJ-UHFFFAOYSA-N,113.12
C(C1C(C(C(C(O1)O)O)O)O)O,OCC1OC(O)C(O)C(O)C1O,WQZGKKKJIJFFOK-VFUOTHLCSA-N,180.16
CCCC(CCC)C(=O)[O-].[Na+],CCCC(CCC)C(=O)[O-].[Na+],AEQFSUDEHCCHBT-UHFFFAOYSA-M,166.19
C([N+](=O)[O-])([N+](=O)[O-])([N+](=O)[O-])[N+](=O)[O-],O=[N+]([O-])C([N+](=O)[O-])([N+](=O)[O-])[N+](=O)[O-],NYTOUQBROMCLBJ-UHFFFAOYSA-N,196.03
COCCO,COCCO,XNWFRZJHXBZDAG-UHFFFAOYSA-N,76.09
[Be+2].[N+](=O)([O-])[O-].[N+](=O)([O-])[O-],O=[N+]([O-])[O-].O=[N+]([O-])[O-].[Be+2],RFVVBBUVWAIIBT-UHFFFAOYSA-N,133.02
CC1=CC=CC=C1O,Cc1ccccc1O,QWVGKYWNOKOFNN-UHFFFAOYSA-N,108.14
CCC(C1=CC2=C(C=C1)OCO2)N,CCC(N)c1ccc2c(c1)OCO2,VEOUOCLRLNJOLJ-UHFFFAOYSA-N,179.22
CC1C(O1)P(=O)([O-])[O-].[Ca+2],CC1OC1P(=O)([O-])[O-].[Ca+2],YMZJBJPWTXJQMR-LJUKVTEVSA-L,176.12
COC(=O)C1=CC=CC=C1N,COC(=O)c1ccccc1N,VAMXMNNIEUEQDV-UHFFFAOYSA-N,151.16
Cl[Ni]Cl,Cl[Ni]Cl,QMMRZOWCJAIUJA-UHFFFAOYSA-L,129.6
C1CNCC1C=CC2=CN=CN=C2,C(=CC1CCNC1)c1cncnc1,FNEHSHNEXMPCLJ-VWCDRPFISA-N,175.23
[Be+2].O.O.O.O.[O-]S(=O)(=O)[O-],O.O.O.O.O=S(=O)([O-])[O-].[Be+2],DIMYTQPLZWDZFE-UHFFFAOYSA-L,177.14
CC1=CN=C(C=[N+]1[O-])C(=O)O,Cc1cnc(C(=O)O)c[n+]1[O-],DJQOOSBJCLSSEY-UHFFFAOYSA-N,154.12
C1OC2=C(O1)C=C(C=C2)O,Oc1ccc2c(c1)OCO2,LUSZGTFNYDARNI-UHFFFAOYSA-N,138.12
[Lu],[Lu],OHSVLFRHMCKCQY-UHFFFAOYSA-N,174.966
[H+].C(CC(C(=O)[O-])N)CN,NCCCC(N)C(=O)[O-].[H+],AHLPHDHHMVZTML-BYPYZUCNSA-N,132.16
C(C(CS)S)O,OCC(S)CS,WQABCVAJNWAXTE-UHFFFAOYSA-N,124.23
CCCCCCCCO,CCCCCCCCO,KBPLFHHGFOOTCA-UHFFFAOYSA-N,130.229
C(C1C(C(C(O1)(CO)O)O)O)O,OCC1OC(O)(CO)C(O)C1O,RFSUNEUAIZKAJO-ARQDHWQXSA-N,180.16
C(C(=O)O)(Cl)Cl.[Na],O=C(O)C(Cl)Cl.[Na],ZOXHFYPCZQICQD-UHFFFAOYSA-N,151.93
CC(C)CC(C(=O)O)NC(=O)C,CC(=O)NC(CC(C)C)C(=O)O,WXNXCEHXYPACJF-UHFFFAOYSA-N,173.21
CCOC(=O)CN(C)C(=N)N,CCOC(=O)CN(C)C(=N)N,UFUWQSYRGLMLKP-UHFFFAOYSA-N,159.19
C(C(CO)(CO)N)O,NC(CO)(CO)CO,LENZDBCJOHFCAS-UHFFFAOYSA-N,121.14
C(C(=O)O)S(=O)(=O)O,O=C(O)CS(=O)(=O)O,AGGIJOLULBJGTQ-UHFFFAOYSA-N,140.12
CC(CO)C(=O)O,CC(CO)C(=O)O,DBXBTMSZEOQQDU-VKHMYHEASA-N,104.1
C(C(=CC(=O)O)C(=O)O)C(=O)O,O=C(O)C=C(CC(=O)O)C(=O)O,GTZCVFVGUGFEME-HNQUOIGGSA-N,174.11
C1CC1C(C2CC2)NC3=NCCO3,C1COC(NC(C2CC2)C2CC2)=N1,CQXADFVORZEARL-UHFFFAOYSA-N,180.25
C(C(C(=O)O)N)S,NC(CS)C(=O)O,XUJNEKJLAYXESH-REOHCLBHSA-N,121.16
C(=CC(=O)O)C(=O)O,O=C(O)C=CC(=O)O,VZCYOOQTPOCHFL-OWOJBTEDSA-N,116.07
[Li+].[Br-],[Br-].[Li+],AMXOYNBUYSYVKV-UHFFFAOYSA-M,86.9
C1CNC(=O)NC1=O,O=C1CCNC(=O)N1,OIVLITBTBDPEFK-UHFFFAOYSA-N,114.1
O1[As]2O[As]1O2,O1[As]2O[As]1O2,GOLCXWYRSKYTSP-UHFFFAOYSA-N,197.841
CC1CCC(C(C1)O)C(C)C,CC1CCC(C(C)C)C(O)C1,NOOLISFMXDJSKH-UHFFFAOYSA-N,156.26
CNC(=O)CNC(=O)CN,CNC(=O)CNC(=O)CN,BWGVNKXGVNDBDI-UHFFFAOYSA-N,145.16
C(#N)[S-],N#C[S-],ZMZDMBWJUHKJPS-UHFFFAOYSA-M,58.08
[I-],[I-],XMBWDFGMSWQBCA-RNFDNDRNSA-M,130.906
C(C(F)(F)F)(F)(F)F,FC(F)(F)C(F)(F)F,WMIYKQLTONQJES-UHFFFAOYSA-N,138.01
CC(C)(C)N,CC(C)(C)N,YBRBMKDOPFTVDT-UHFFFAOYSA-N,73.14
CC1(CCOC(=O)C1)O,CC1(O)CCOC(=O)C1,JYVXNLLUYHCIIH-LURJTMIESA-N,130.139
CC1C(OCCN1)C2=CC=CC=C2,CC1NCCOC1c1ccccc1,OOBHFESNSZDWIU-UHFFFAOYSA-N,177.24
C[As](=O)(C)O,C[As](C)(=O)O,OGGXGZAMXPVRFZ-UHFFFAOYSA-N,138.0
C[NH+](C)N=NC1=C(NC=N1)C(=O)N,C[NH+](C)N=Nc1nc[nH]c1C(N)=O,FDKXTQMXEQVLRF-ZHACJKMWSA-O,183.19
CC1=CC(=CC=C1)C,Cc1cccc(C)c1,IVSZLXZYQVIEFR-UHFFFAOYSA-N,106.16
CC(=O)NO,CC(=O)NO,RRUDCFGSUDOHDG-UHFFFAOYSA-N,75.07
CNCCC1=CN=CN1.Cl.Cl,CNCCc1cnc[nH]1.Cl.Cl,AYUQICXJAMPXPF-UHFFFAOYSA-N,198.09
[O]F,[O]F,FXOFAYKVTOLJTJ-UHFFFAOYSA-N,34.998
[Cu+].[Br-],[Br-].[Cu+],NKNDPYCGAZPOFS-UHFFFAOYSA-M,143.45
CCCCOCCOCCO,CCCCOCCOCCO,OAYXUHPQHDHDDZ-UHFFFAOYSA-N,162.23
C(COP(=O)(O)O)N,NCCOP(=O)(O)O,SUHOOTKUPISOBE-UHFFFAOYSA-N,141.06
C1C(C(C(C(O1)CO)O)O)O,OCC1OCC(O)C(O)C1O,MPCAJMNYNOGXPB-SLPGGIOYSA-N,164.16
CC1=CC(=C(C(=O)O1)C(=O)C)O.[Na],CC(=O)c1c(O)cc(C)oc1=O.[Na],NNZGIAMZHQTUAA-UHFFFAOYSA-N,191.14
CC=CC=CC(=O)O,CC=CC=CC(=O)O,WSWCOQWTEOXDQX-MQQKCMAXSA-N,112.13
C1=CN(C(=N1)[N+](=O)[O-])CC(CF)O,O=[N+]([O-])c1nccn1CC(O)CF,HIIJZYSUEJYLMX-JZRMKITLSA-N,188.15
